0.9999,0.42507,0.811647,0.998892,0.951695,0.9999,0.9999,0.514454,0.999865,0.9999
0.9999,0.9999,0.484175,0.9999,0.452936,0.185679,0.001,0.978894,0.0568901,0.934366
0.160957,0.999324,0.996859,0.999325,0.957084,0.9991,0.00463027,0.00401504,0.977349,0.994277
0.236758,0.796387,0.999404,0.968201,0.9947,0.9999,0.99966,0.943089,0.502452,0.454015
0.117979,0.0728779,0.893979,0.998953,0.966765,0.99976,0.999327,0.9999,0.837872,0.40583
0.999341,0.00173165,0.914765,0.998014,0.852257,0.9999,0.9999,0.977414,0.973002,0.895453
0.9999,0.981501,0.902979,0.0163682,0.999405,0.999701,0.0020336,0.96834,0.999347,0.675312
0.998028,0.999033,0.999808,0.9999,0.997806,0.614335,0.970158,0.073023,0.948393,0.362876
0.9999,0.998764,0.9999,0.9999,0.9999,0.998784,0.99985,0.997631,0.00805135,0.755117
0.998118,0.983518,0.923078,0.999803,0.336953,0.867019,0.344125,0.251955,0.80984,0.166186
0.00223969,0.407544,0.9999,0.9999,0.999032,0.9999,0.997698,0.9999,0.9999,0.999237
0.330055,0.998205,0.917502,0.971978,0.774231,0.997616,0.00127143,0.9999,0.9999,0.999384
0.9999,0.999778,0.621267,0.9999,0.975723,0.95274,0.232715,0.9999,0.997614,0.301639
0.987662,0.94696,0.529742,0.9999,0.188211,0.9999,0.999856,0.000333239,0.00116605,0.835267
0.644278,0.943087,0.967071,0.307709,0.98243,0.0382891,0.997964,0.998741,0.9999,0.682113
0.9999,0.715346,0.9999,0.99972,0.94544,0.984981,0.986809,0.976985,0.9999,0.998662
0.999794,0.9999,0.27038,0.122976,0.623815,0.9999,0.890345,0.00401504,0.997531,0.822172
0.994185,0.999686,0.998399,0.999,0.830925,0.11269,0.999,0.998023,0.9999,0.99762
0.998089,0.999847,0.968186,0.973741,0.652039,0.870501,0.0283512,0.9999,0.980782,0.9999
0.992954,0.640772,0.999718,0.9999,0.55922,0.244359,0.999274,0.915357,0.831426,0.0169271
0.976726,0.997811,0.753605,0.999763,0.696945,0.940912,0.976675,0.942682,0.980701,0.972343
0.9999,0.9999,0.801466,0.9999,0.834908,0.998436,0.934489,0.997661,0.996001,0.9999
0.999,0.0182335,0.9999,0.998109,0.999682,0.834538,0.941201,0.681135,0.99111,0.999732
0.9999,0.996275,0.744151,0.9999,0.343677,0.999594,0.129889,0.98212,0.61635,0.9999
0.00339502,0.738253,0.9999,0.9999,0.996852,0.996936,0.893352,0.9999,0.997728,0.0653499
0.540262,0.960985,0.732894,0.9999,0.9999,0.753155,0.000643146,0.9999,0.9999,0.424409
0.9999,0.999,0.472681,0.999359,0.812513,0.9999,0.97247,0.996757,0.211943,0.198912
0.9999,0.998798,0.0112688,0.9999,0.935694,0.905053,0.977197,0.396342,0.974203,0.231517
0.999729,0.995831,0.997413,0.999117,0.041582,0.876636,0.920958,0.999814,0.102616,0.970788
0.9999,0.0989687,0.903185,0.9999,0.913191,0.983415,0.000111023,0.9999,0.996809,0.188211
0.873145,0.901516,0.984207,0.866637,0.928379,0.989546,0.994821,0.811387,0.998094,0.0493001
0.894155,0.997188,0.18904,0.528488,0.994602,0.888746,0.824239,0.9999,0.9999,0.985283
0.9999,0.280048,0.899414,0.9999,0.9999,0.982962,0.961849,0.9999,0.9999,0.930241
0.00242951,0.990039,0.999888,0.999001,0.000157873,0.9999,0.970788,0.580987,0.983763,0.845232
0.9999,0.999685,0.992112,0.946237,0.9999,0.9999,0.53359,0.987503,0.9999,0.936299
0.29238,0.0136484,0.9999,0.990503,0.918948,0.9999,0.811629,0.9999,0.9999,0.197412
0.955137,0.468283,0.945226,0.822795,0.999406,0.9999,0.945041,0.912077,0.998917,0.994157
0.393033,0.82025,0.641871,0.9999,0.995446,0.997985,0.9999,0.962262,0.9988,0.404156
0.9999,0.151952,0.757163,0.998899,0.9999,0.0031517,0.993596,0.799732,0.941894,0.98871
0.894155,0.648316,0.685242,0.9999,0.9999,0.9999,0.9999,0.994447,0.994011,0.997501
0.9999,0.998637,0.9999,0.9999,0.998578,0.730078,0.126225,0.996426,0.394585,0.308484
0.9999,0.604348,0.37259,0.997154,0.9999,0.993316,0.951486,0.637387,0.9999,0.629221
0.884112,0.410244,0.789407,0.999879,0.99255,0.966807,0.980701,0.138902,0.9999,0.00528747
0.9999,0.985899,0.9999,0.9999,0.902684,0.9999,0.517594,0.0141154,0.9999,0.894178
0.9999,0.892838,0.952994,0.9999,0.998301,0.9999,0.983728,0.702485,0.747026,0.314376
0.909816,0.9999,0.973867,0.999769,0.999522,0.9999,0.965216,0.9999,0.75609,0.792687
0.964205,0.347245,0.999883,0.9999,0.9999,0.994599,0.9999,0.715192,0.999752,0.340933
0.993977,0.590635,0.9999,0.9999,0.9999,0.369755,0.882305,0.839182,0.996038,0.0312768
0.635975,0.901031,0.9999,0.717212,0.985592,0.968374,0.999899,0.964552,0.9999,0.9999
0.999894,0.934306,0.9999,0.9999,0.999608,0.9999,0.850024,0.525727,0.9999,0.999132
0.9999,0.717697,0.9999,0.991533,0.829336,0.909833,0.579251,0.999404,0.9999,0.9999
0.997486,0.991372,0.9999,0.998953,0.894492,0.925391,0.993379,0.315688,0.172689,0.9827
0.04492,0.899384,0.899473,0.999762,0.974801,0.99933,0.999668,0.532823,0.99881,0.9999
0.85471,0.0482109,0.9999,0.233787,0.9999,0.9999,0.280458,0.992907,0.99692,0.639828
0.9999,0.9999,0.00779738,0.9999,0.297153,0.929311,0.000112214,0.974035,0.998209,0.0895773
0.817323,0.952704,0.756036,0.9999,0.996805,0.541556,0.986446,0.739872,0.410727,0.666876
0.944679,0.00270417,0.995565,0.9999,0.9999,0.989038,0.001,0.9999,0.958836,0.404156
0.9999,0.992537,0.9999,0.9999,0.325123,0.999093,0.997843,0.309892,0.509717,0.0472701
0.9999,0.00141245,0.9999,0.9999,0.858317,0.9999,0.954521,0.967096,0.9999,0.960689
0.968908,0.750211,0.145128,0.9999,0.615238,0.155523,0.000212536,0.9999,0.9999,0.639828
0.9999,0.977257,0.330271,0.837543,0.546376,0.996974,0.998382,0.997628,0.00576175,0.9999
0.997513,0.997966,0.9999,0.991605,0.0438603,0.9999,0.841301,0.0637026,0.863427,0.992052
0.9999,0.9999,0.996776,0.999718,0.000189314,0.9999,0.0453763,0.99532,0.998749,0.001
0.9999,0.872066,0.902312,0.97183,0.649443,0.9999,0.9999,0.91668,0.735975,0.9999
0.9999,0.9999,0.0026384,0.613317,0.999887,0.839755,0.999896,0.999886,0.9999,0.999
0.822792,0.996104,0.0366684,0.345146,0.530146,0.00010248,0.946467,0.301011,0.9999,0.000848492
0.999,0.977791,0.913877,0.999752,0.999532,0.911664,0.280713,0.9999,0.985697,0.998454
0.9999,0.00211595,0.213976,0.9999,0.945226,0.00221418,0.969741,0.9999,0.999723,0.945226
0.147139,0.999845,0.279351,0.9999,0.158763,0.980852,0.0151344,0.99849,0.9999,0.530463
0.9999,0.9999,0.9999,0.999682,0.930241,0.9999,0.673788,0.971408,0.68181,0.946241
0.9999,0.999853,0.917962,0.999226,0.447352,0.15488,0.999488,0.9999,0.99962,0.80848
0.59368,0.9999,0.9999,0.990338,0.997727,0.9999,0.996175,0.0275018,0.99979,0.9999
0.991159,0.973548,0.228445,0.9999,0.112255,0.9999,0.860577,0.637387,0.9999,0.9999
0.995568,0.8797,0.981203,0.9999,0.367377,0.87622,0.00856885,0.873579,0.343522,0.369825
0.02749,0.311551,0.403464,0.999181,0.9999,0.9999,0.40048,0.00220766,0.972294,0.884326
0.9999,0.998075,0.606847,0.00166169,0.291338,0.981214,0.913128,0.213976,0.999001,0.9999
0.9999,0.000125198,0.590539,0.110867,0.999799,0.9999,0.00585956,0.955795,0.999362,0.44834
0.9999,0.990142,0.999572,0.9999,0.9999,0.336953,0.992209,0.9999,0.999477,0.971041
0.835551,0.777136,0.9999,0.0879633,0.999753,0.993752,0.118757,0.997538,0.9999,0.999448
0.642943,0.9999,0.999711,0.988853,0.99324,0.9999,0.843016,0.9999,0.9999,0.9999
0.703663,0.998809,0.986443,0.0471807,0.909692,0.9999,0.0283512,0.998212,0.878753,0.167051
0.817323,0.986674,0.942482,0.998221,0.9999,0.985485,0.999882,0.999278,0.980782,0.956177
0.9999,0.966938,0.873944,0.999035,0.979741,0.999861,0.316403,0.9999,0.999899,0.99309
0.986979,0.860121,0.983489,0.980701,0.998638,0.966657,0.997931,0.519815,0.995564,0.275557
0.825761,0.978874,0.0121981,0.997494,0.999755,0.9388,0.805394,0.9999,0.999531,0.0515607
0.842696,0.999452,0.951239,0.9999,0.99981,0.755613,0.994856,0.971251,0.803692,0.965054
0.9999,0.759708,0.259627,0.9999,0.477266,0.996784,0.9999,0.9999,0.934389,0.919932
0.9999,0.995897,0.9999,0.920554,0.9999,0.9999,0.994317,0.577133,0.0899569,0.999734
0.983329,0.0692664,0.999713,0.999,0.325821,0.99344,0.211908,0.869117,0.9999,0.965066
0.9999,0.052385,0.000180422,0.791425,0.419983,0.906362,0.987767,0.9999,0.308996,0.287491
0.996681,0.051148,0.9999,0.843013,0.9999,0.997985,0.997362,0.9999,0.5336,0.961554
0.9999,0.989978,0.955302,0.613699,0.353929,0.952741,0.997686,0.891591,0.9999,0.9999
0.9999,0.909633,0.9999,0.852582,0.9999,0.9999,0.0062228,0.998094,0.997259,0.221967
0.974156,0.97319,0.9999,0.999716,0.996626,0.9999,0.0062228,0.56501,0.9999,0.9999
0.981552,0.388988,0.994862,0.996058,0.949135,0.61656,0.997266,0.9999,0.9999,0.95656
0.14371,0.927824,0.896033,0.99111,0.989714,0.9999,0.550859,0.999304,0.582386,0.9999
0.9999,0.352596,0.9999,0.258205,0.506124,0.9999,0.0707372,0.988972,0.999752,0.998267
0.9999,0.9999,0.9999,0.999588,0.913246,0.952405,0.9999,0.297154,0.9999,0.999586
0.906362,0.533817,0.915357,0.969919,0.674495,0.0262092,0.9999,0.846835,0.999881,0.9999
0.541556,0.841189,0.999203,0.999776,0.000580706,0.9999,0.99056,0.888241,0.279172,0.998856
0.904737,0.00219517,0.9999,0.981302,0.713604,0.980108,0.996265,0.619088,0.9992,0.966892
0.9999,0.985959,0.0576345,0.9999,0.9999,0.9999,0.939229,0.241387,0.999752,0.997188
0.9999,0.000851186,0.998866,0.924381,0.0223641,0.594634,0.423447,0.9999,0.990339,0.995042
0.986811,0.00122914,0.9999,0.992709,0.130708,0.995332,0.98779,0.216031,0.928567,0.201758
0.990769,0.441643,0.9999,0.969919,0.990519,0.9999,0.119043,0.9999,0.866637,0.999365
0.731794,0.996275,0.999735,0.999443,0.995042,0.637509,0.710645,0.0803591,0.9999,0.997344
0.988736,0.999559,0.0186321,0.9999,0.999287,0.211943,0.718572,0.407249,0.619713,0.9999
0.9999,0.999858,0.9999,0.982475,0.896581,0.0210901,0.200905,0.9999,0.961537,0.991994
0.9999,0.993376,0.0326477,0.219625,0.934366,0.995891,0.9999,0.752179,0.927457,0.692647
0.488526,0.997362,0.943497,0.98019,0.9999,0.9999,0.252995,0.999814,0.9999,0.9999
0.9999,0.886035,0.875107,0.06303,0.997594,0.00663233,0.242213,0.221078,0.9999,0.996887
0.9999,0.998366,0.9999,0.9999,0.993332,0.914971,0.127959,0.0054714,0.9999,0.557646
0.9999,0.986431,0.658528,0.981682,0.698604,0.997051,0.40048,0.995565,0.278407,0.9999
0.9999,0.664022,0.9999,0.113312,0.9999,0.9999,0.397509,0.430692,0.999818,0.995887
0.999753,0.996249,0.9999,0.993425,0.9999,0.827291,0.972685,0.9999,0.601758,0.9999
0.9999,0.998941,0.998863,0.9999,0.995742,0.00362792,0.907717,0.968495,0.973516,0.856686
0.9999,0.200392,0.9999,0.708009,0.352771,0.9999,0.996039,0.9999,0.497907,0.973657
0.9999,0.824582,0.00219517,0.99808,0.997845,0.9999,0.99961,0.9999,0.973125,0.995744
0.850767,0.0256824,0.769042,0.9999,0.0497563,0.960784,0.77549,0.883776,0.9999,0.9999
0.148026,0.9999,0.754057,0.9999,0.998478,0.997616,0.226811,0.971662,0.9999,0.974787
0.949761,0.745346,0.992112,0.997614,0.9999,0.9999,0.000577039,0.997121,0.979697,0.934714
0.9999,0.716658,0.999125,0.997486,0.732316,0.166448,0.104947,0.928854,0.991941,0.9999
0.84694,0.9999,0.111181,0.723177,0.932995,0.999659,0.996822,0.999443,0.9999,0.000387937
0.879201,0.000319053,0.693626,0.9999,0.989571,0.003179,0.999793,0.9999,0.998274,0.00174043
0.99961,0.905024,0.917779,0.9999,0.999869,0.864639,0.997083,0.998669,0.9999,0.9999
0.380971,0.284494,0.9999,0.9999,0.225639,0.236409,0.953395,0.176138,0.993534,0.977262
0.987748,0.821794,0.997479,0.99413,0.219909,0.997724,0.987601,0.739547,0.999179,0.579392
0.424669,0.000247379,0.996426,0.999772,0.778949,0.0274332,0.95839,0.9999,0.998967,0.997328
0.998552,0.999807,0.162669,0.9999,0.9929,0.999741,0.357752,0.739515,0.893749,0.988694
0.999794,0.990102,0.973067,0.963308,0.906362,0.998118,0.9269,0.729952,0.999484,0.996626
0.717172,0.9999,0.9999,0.42496,0.613095,0.9999,0.525007,0.9999,0.9999,0.621392
0.899957,0.0489106,0.97991,0.9999,0.970788,0.9999,0.817874,0.760419,0.989517,0.99428
0.9999,0.956169,0.916626,0.999642,0.995339,0.9999,0.999858,0.999886,0.99413,0.446399
0.9999,0.997648,0.877211,0.9999,0.516435,0.899384,0.999194,0.0114992,0.931062,0.9999
0.454404,0.25217,0.00118321,0.922499,0.855328,0.888294,0.999773,0.921616,0.9999,0.174055
0.9999,0.511105,0.9999,0.85488,0.476715,0.9999,0.949079,0.961486,0.9999,0.741518
0.0372427,0.998836,0.819442,0.967086,0.852289,0.3861,0.896624,0.517833,0.502452,0.99979
0.9999,0.19547,0.245647,0.9999,0.440054,0.998631,0.910803,0.998978,0.0178006,0.998816
0.980069,0.9999,0.779575,0.99967,0.957514,0.9999,0.970034,0.924007,0.998008,0.994462
0.9999,0.993022,0.680011,0.97095,0.963344,0.999653,0.681135,0.9999,0.783336,0.965409
0.590539,0.792882,0.866816,0.998031,0.711586,0.958319,0.0869512,0.793532,0.9999,0.912421
0.998036,0.9999,0.9999,0.747423,0.454015,0.830299,0.817874,0.991156,0.9999,0.963321
0.99986,0.000207854,0.998732,0.9999,0.962393,0.998481,0.9076,0.998134,0.9999,0.00010184
0.9999,0.999853,0.9999,0.742125,0.100825,0.99719,0.381566,0.9999,0.958827,0.991985
0.109495,0.0869512,0.9999,0.998256,0.9999,0.000266659,0.993706,0.9999,0.888322,0.999779
0.968172,0.878245,0.9999,0.934581,0.992656,0.9999,0.00464334,0.989792,0.9999,0.207165
0.633476,0.921036,0.980744,0.9999,0.984543,0.9999,0.000577039,0.999872,0.9999,0.9999
0.764737,0.617516,0.628101,0.9999,0.942523,0.9999,0.999023,0.99849,0.108644,0.999448
0.9999,0.816559,0.00401504,0.997614,0.9999,0.143841,0.970727,0.685242,0.992618,0.802469
0.9999,0.9999,0.978323,0.9125,0.999161,0.162272,0.9999,0.9999,0.898875,0.0274742
0.998709,0.726885,0.162265,0.974033,0.9999,0.997731,0.998301,0.344407,0.532006,0.0310891
0.46923,0.999816,0.9999,0.999885,0.84475,0.00663233,0.928025,0.0594094,0.99808,0.9999
0.000674002,0.99752,0.9999,0.9999,0.9999,0.9999,0.892417,0.9999,0.999892,0.9999
0.741034,0.915074,0.873579,0.999545,0.232852,0.998926,0.999869,0.9999,0.647913,0.9999
0.843221,0.993027,0.9999,0.9999,0.00127307,0.9999,0.760275,0.997554,0.712853,0.959518
0.990641,0.998826,0.860274,0.974025,0.98472,0.9456,0.00232613,0.646527,0.000676034,0.00494083
0.944679,0.00407157,0.896858,0.99923,0.867921,0.9999,0.000119623,0.00103367,0.979418,0.112255
0.999735,0.0762956,0.9999,0.9999,0.234897,0.9999,0.000374526,0.01077,0.609378,0.578859
0.982455,0.995187,0.916145,0.9999,0.9999,0.9999,0.467332,0.998712,0.999873,0.982524
0.994868,0.99903,0.979943,0.9999,0.91018,0.0211954,0.989787,0.975778,0.60012,0.762293
0.9999,0.626009,0.998755,0.9999,0.990627,0.0285795,0.985339,0.732894,0.991481,0.08821
0.9999,0.920958,0.97487,0.999871,0.881812,0.9999,0.0300192,0.0117663,0.939668,0.999889
0.632174,0.999484,0.910194,0.999524,0.00218152,0.9999,0.909633,0.253174,0.902408,0.998656
0.979861,0.9999,0.668456,0.998462,0.842244,0.9999,0.106258,0.00267018,0.97183,0.999555
0.9999,0.98327,0.688264,0.461516,0.9999,0.9999,0.987551,0.999577,0.99467,0.993779
0.9999,0.33703,0.981802,0.991941,0.999769,0.00888294,0.990831,0.352508,0.999817,0.996994
0.000244714,0.25217,0.989255,0.9999,0.613095,0.998523,0.818165,0.324646,0.9999,0.9999
0.9999,0.217285,0.913877,0.997808,0.9999,0.591892,0.333235,0.931172,0.980782,0.999106
0.999832,0.952076,0.729952,0.99929,0.979244,0.9999,0.995364,0.995565,0.9999,0.992824
0.84596,0.9999,0.997331,0.997098,0.914235,0.958319,0.999,0.865994,0.992699,0.994867
0.448595,0.999793,0.983506,0.000100345,0.750601,0.492976,0.964665,0.943283,0.9999,0.605238
0.878897,0.917011,0.954687,0.95742,0.3841,0.980765,0.995848,0.835989,0.997672,0.72706
0.733816,0.998886,0.9999,0.999165,0.00492258,0.999389,0.9999,0.994431,0.999805,0.998937
0.999052,0.707683,0.999443,0.999127,0.410718,0.9999,0.646179,0.988684,0.0789774,0.974567
0.99953,0.999871,0.993591,0.68414,0.0565912,0.999571,0.794869,0.965529,0.997531,0.99778
0.225015,0.000313198,0.112255,0.9999,0.902684,0.952132,0.000635078,0.9999,0.92438,0.901784
0.999,0.972309,0.936473,0.977857,0.9999,0.641339,0.00028696,0.9999,0.9999,0.999
0.723855,0.222422,0.128407,0.802057,0.997168,0.623207,0.987382,0.999863,0.9999,0.96562
0.9999,0.9999,0.0013302,0.999883,0.874308,0.9999,0.990824,0.9999,0.899362,0.484239
0.9999,0.163392,0.0038188,0.826847,0.0020266,0.3861,0.0183323,0.9999,0.603427,0.947416
0.00118148,0.964217,0.444392,0.998762,0.0019143,0.996574,0.675995,0.964812,0.997752,0.9999
0.9999,0.999663,0.715192,0.999493,0.931628,0.987109,0.0504791,0.406975,0.998046,0.997298
0.990844,0.92537,0.937989,0.9999,0.998304,0.9999,0.963047,0.979841,0.998658,0.98491
0.29238,0.999807,0.999486,0.998575,0.523021,0.620607,0.952076,0.9999,0.0273057,0.99987
0.952237,0.978179,0.999867,0.940061,0.462104,0.927532,0.001,0.577216,0.52739,0.648936
0.976235,0.947853,0.989062,0.9999,0.971611,0.795196,0.909982,0.481226,0.9999,0.978111
0.99965,0.680047,0.9999,0.80111,0.920607,0.999113,0.99967,0.981483,0.99493,0.988956
0.499615,0.995489,0.9999,0.9999,0.9999,0.815651,0.956169,0.762536,0.984561,0.9999
0.88964,0.995488,0.094573,0.999894,0.766673,0.9999,0.991618,0.966938,0.999885,0.894985
0.9999,0.999635,0.99799,0.599676,0.78707,0.9999,0.9999,0.999817,0.994731,0.771398
0.983321,0.51004,0.637387,0.937198,0.255612,0.633372,0.999018,0.999235,0.999869,0.994861
0.9999,0.97424,0.947592,0.999652,0.993903,0.9999,0.986839,0.9999,0.998256,0.135156
0.9999,0.9999,0.973128,0.989298,0.60881,0.9999,0.936955,0.9999,0.28887,0.00103741
0.99724,0.9999,0.9999,0.843188,0.9999,0.9999,0.998812,0.214198,0.9999,0.0238928
0.9999,0.993737,0.747608,0.00499853,0.896531,0.755613,0.972685,0.902312,0.416089,0.054108
0.9999,0.999483,0.729952,0.988314,0.998304,0.90314,0.00122914,0.999694,0.998058,0.900628
0.644278,0.992705,0.9999,0.999866,0.996221,0.00773735,0.998382,0.96751,0.9999,0.16909
0.9999,0.963633,0.965664,0.920554,0.263619,0.9999,0.997999,0.00100245,0.862252,0.9999
0.968374,0.871136,0.993473,0.00341001,0.0792815,0.9999,0.434724,0.459726,0.999692,0.000894899
0.9999,0.899681,0.105667,0.669143,0.949135,0.9999,0.998259,0.9999,0.9999,0.978901
0.9999,0.984904,0.9999,0.9999,0.9999,0.651451,0.00366348,0.9999,0.9999,0.981805
0.741302,0.000415728,0.441844,0.9999,0.155591,0.994891,0.122042,0.999376,0.9999,0.935747
0.9999,0.00809149,0.999667,0.102414,0.998725,0.9999,0.970788,0.991683,0.999421,0.183131
0.987171,0.954884,0.0293192,0.9999,0.99987,0.9999,0.732773,0.9999,0.868964,0.9999
0.968374,0.00262677,0.403464,0.427804,0.00174043,0.990949,0.001,0.0373701,0.915247,0.0710242
0.99219,0.0879101,0.744175,0.9999,0.995312,0.9999,0.001,0.889896,0.9999,0.363709
0.987063,0.986611,0.000603047,0.999702,0.9999,0.722885,0.75359,0.051742,0.9999,0.9999
0.941264,0.507999,0.963366,0.9999,0.622974,0.9999,0.75023,0.9999,0.986232,0.00103741
0.809015,0.0287844,0.768542,0.9999,0.9999,0.9999,0.997648,0.98212,0.87283,0.310989
0.9999,0.982308,0.9794,0.999493,0.9999,0.9999,0.00121589,0.0205973,0.9999,0.853271
0.998324,0.001,0.95871,0.999861,0.9999,0.000605291,0.806319,0.887399,0.886385,0.685718
0.171928,0.570295,0.668456,0.962744,0.945508,0.9999,0.999769,0.0351626,0.999545,0.9999
0.9999,0.987383,0.557506,0.999763,0.9999,0.866431,0.999349,0.998797,0.999722,0.994379
0.9999,0.759617,0.999889,0.830245,0.0539377,0.984425,0.972983,0.223585,0.775244,0.999179
0.613621,0.9999,0.988995,0.502452,0.98546,0.9999,0.999,0.999605,0.999774,0.88904
0.997621,0.00905971,0.99735,0.950399,0.9983,0.9999,0.996567,0.9794,0.843013,0.919932
0.562641,0.836321,0.9999,0.995135,0.995943,0.749912,0.113001,0.9999,0.9999,0.9999
0.9999,0.99259,0.784321,0.9999,0.947416,0.105466,0.959893,0.934078,0.995488,0.967068
0.9999,0.9999,0.484175,0.9999,0.191293,0.999795,0.0335495,0.353104,0.998057,0.999656
0.920821,0.999422,0.999865,0.9999,0.9999,0.455701,0.991275,0.684544,0.973418,0.9999
0.9999,0.937516,0.991138,0.99037,0.97175,0.68414,0.959246,0.000154881,0.994353,0.995744
0.999896,0.971421,0.621301,0.9999,0.847092,0.864639,0.98652,0.924808,0.28887,0.150461
0.9999,0.920958,0.99962,0.9999,0.793532,0.184012,0.889579,0.94131,0.988853,0.9999
0.665038,0.24652,0.213976,0.982829,0.9999,0.941147,0.762903,0.974736,0.9999,0.99762
0.9999,0.00905971,0.954936,0.999877,0.821284,0.9999,0.999893,0.9999,0.9999,0.943071
0.997178,0.999561,0.0884448,0.999094,0.997084,0.9999,0.965216,0.999402,0.980306,0.972077
0.000148756,0.9999,0.867921,0.228844,0.9999,0.993965,0.919933,0.9999,0.9999,0.773598
0.9999,0.00181022,0.837543,0.9999,0.977621,0.978111,0.999,0.787927,0.922499,0.618454
0.454404,0.910803,0.992884,0.0844806,0.972582,0.9999,0.999776,0.000402725,0.99111,0.872063
0.999558,0.955462,0.977808,0.87099,0.931628,0.9999,0.948465,0.641871,0.17829,0.301802
0.9999,0.999836,0.599946,0.989537,0.998254,0.419305,0.00301905,0.672571,0.9999,0.931223
0.749522,0.140144,0.575508,0.9992,0.9999,0.99376,0.998639,0.564308,0.992709,0.994018
0.991162,0.510347,0.999365,0.9999,0.99981,0.9999,0.99903,0.998831,0.9999,0.9999
0.992017,0.9999,0.999343,0.999896,0.9999,0.997616,0.874586,0.778274,0.359444,0.839736
0.0980665,0.787668,0.9999,0.99808,0.936945,0.9999,0.696955,0.517807,0.974508,0.998098
0.99938,0.837543,0.261238,0.9999,0.507901,0.072902,0.98158,0.869784,0.337603,0.882865
0.9999,0.9999,0.9999,0.9999,0.98664,0.9999,0.9999,0.9999,0.958796,0.545297
0.109495,0.9999,0.9999,0.989665,0.996693,0.999765,0.9999,0.723544,0.0333775,0.920607
0.93128,0.557888,0.252058,0.114324,0.530142,0.9999,0.999863,0.999685,0.9999,0.981326
0.0262271,0.001,0.149049,0.99902,0.357202,0.9999,0.999691,0.00219517,0.61131,0.9999
0.9999,0.938097,0.794465,0.9999,0.0437187,0.996247,0.602711,0.999377,0.99806,0.973088
0.9999,0.997068,0.917959,0.999558,0.430665,0.9999,0.491586,0.999268,0.0879633,0.961028
0.641596,0.623569,0.99805,0.208018,0.33907,0.999773,0.457687,0.864328,0.573856,0.998653
0.996933,0.999812,0.983662,0.734446,0.77869,0.3861,0.018765,0.606043,0.9999,0.999897
0.00318376,0.916605,0.999874,0.9999,0.892584,0.9999,0.974345,0.619088,0.9999,0.942276
0.9999,0.9999,0.9999,0.9999,0.996117,0.502345,0.977902,0.982779,0.403182,0.316237
0.983556,0.724063,0.0122092,0.9999,0.982308,0.976025,0.117692,0.787048,0.9999,0.999586
0.999786,0.9999,0.946009,0.999632,0.991417,0.9999,0.9999,0.999889,0.9999,0.9999
0.944679,0.530954,0.976409,0.9999,0.9999,0.978754,0.000212536,0.959626,0.9999,0.530897
0.9999,0.0844453,0.998978,0.9999,0.993779,0.9999,0.993973,0.9999,0.9999,0.999597
0.9999,0.9999,0.9999,0.999531,0.899101,0.000932833,0.702593,0.999489,0.999638,0.9999
0.02749,0.999663,0.361333,0.967987,0.996015,0.913069,0.996887,0.485669,0.726426,0.831448
0.9999,0.262356,0.9999,0.000366871,0.970586,0.99409,0.999869,0.138394,0.9999,0.523688
0.940099,0.0483244,0.96946,0.748539,0.999115,0.9999,0.994082,0.999664,0.997852,0.998535
0.994868,0.791604,0.279351,0.000445746,0.994691,0.9999,0.999881,0.999774,0.9999,0.9999
0.9999,0.00863015,0.254111,0.870899,0.927478,0.158221,0.992026,0.991275,0.000171946,0.995266
0.9999,0.376444,0.986283,0.973741,0.999676,0.959223,0.99988,0.664207,0.87099,0.0169271
0.9999,0.998567,0.9999,0.992752,0.724965,0.963289,0.702593,0.00016496,0.998454,0.9999
0.9999,0.996249,0.942001,0.730855,0.9999,0.999442,0.996928,0.9999,0.997069,0.00103741
0.999333,0.971736,0.973324,0.974927,0.984934,0.9999,0.708855,0.0109644,0.9999,0.641
0.9999,0.951087,0.828067,0.998749,0.464954,0.335875,0.824239,0.56501,0.9999,0.000240051
0.9999,0.961849,0.9999,0.999769,0.996726,0.9999,0.00442662,0.79671,0.999493,0.792569
0.957179,0.78707,0.9999,0.835838,0.999827,0.9999,0.817874,0.993737,0.9999,0.999782
0.9999,0.640772,0.9999,0.998402,0.236511,0.949239,0.999239,0.637387,0.00280319,0.963619
0.998926,0.998764,0.999525,0.000669687,0.0316515,0.9999,0.431466,0.994447,0.792918,0.993643
0.9999,0.996567,0.9999,0.999867,0.0368463,0.109495,0.991311,0.928854,0.9999,0.999875
0.0720121,0.00323765,0.9999,0.999895,0.869296,0.996112,0.00323765,0.9999,0.878714,0.934366
0.9999,0.969381,0.704765,0.00409845,0.998403,0.9999,0.9999,0.9999,0.9999,0.983994
0.00741724,0.9664,0.345435,0.999893,0.996683,0.003056,0.953104,0.999528,0.00574797,0.856686
0.9999,0.00818914,0.945226,0.9999,0.247958,0.999721,0.381566,0.987411,0.999381,0.9794
0.256199,0.180998,0.998921,0.250365,0.98982,0.9999,0.9999,0.987138,0.00135311,0.270098
0.271013,0.999897,0.988694,0.9999,0.993534,0.988776,0.93775,0.596047,0.990421,0.789758
0.530463,0.971914,0.976985,0.0701683,0.9999,0.9999,0.960735,0.999814,0.999892,0.0927453
0.998733,0.824239,0.973898,0.997939,0.320864,0.905939,0.9999,0.9999,0.994933,0.994589
0.999127,0.993784,0.978588,0.9999,0.760004,0.00857181,0.553783,0.690041,0.724688,0.994964
0.9999,0.9999,0.729367,0.61131,0.770173,0.998643,0.9999,0.998209,0.936016,0.969756
0.9999,0.9999,0.0593799,0.998749,0.9999,0.762851,0.999881,0.64028,0.497907,0.993762
0.0377196,0.992436,0.79671,0.9992,0.996253,0.9999,0.984003,0.0814206,0.995095,0.957514
0.9999,0.000150465,0.778274,0.9999,0.959986,0.999842,0.593776,0.871209,0.997531,0.763065
0.9972,0.541477,0.000860588,0.962103,0.667708,0.997862,0.999881,0.691302,0.847425,0.914235
0.0428112,0.9999,0.00255589,0.998214,0.9999,0.9999,0.719115,0.999867,0.509816,0.9999
0.109495,0.993057,0.999,0.994353,0.974567,0.993638,0.9999,0.728356,0.99982,0.811021
0.9999,0.950185,0.757163,0.555972,0.9999,0.563403,0.592197,0.9999,0.9999,0.993965
0.97879,0.989322,0.9999,0.0923065,0.890575,0.879563,0.999704,0.548274,0.9999,0.506124
0.792967,0.710381,0.956144,0.909613,0.999,0.992954,0.0280635,0.999268,0.9999,0.977815
0.9999,0.000156354,0.973009,0.998016,0.9999,0.9999,0.816714,0.896033,0.999529,0.9999
0.9999,0.9999,0.872854,0.9999,0.665274,0.550997,0.729619,0.999768,0.973232,0.920821
0.9999,0.835395,0.028896,0.9999,0.999653,0.810162,0.0299038,0.0930264,0.998749,0.772752
0.9999,0.0227963,0.235435,0.241618,0.99832,0.999655,0.973548,0.9999,0.999835,0.577428
0.998798,0.999882,0.568521,0.991806,0.236511,0.810466,0.9999,0.999479,0.815933,0.999188
0.998436,0.995331,0.999,0.9999,0.629221,0.9999,0.9999,0.999839,0.230037,0.855905
0.9999,0.9999,0.9999,0.993687,0.770173,0.994173,0.990574,0.987064,0.9999,0.996081
0.9999,0.877508,0.9999,0.999534,0.9999,0.864639,0.952704,0.999203,0.997791,0.946521
0.9999,0.00416628,0.9999,0.964608,0.976757,0.9999,0.0097713,0.999408,0.694371,0.00190697
0.402572,0.0634346,0.663052,0.453515,0.98327,0.999669,0.958854,0.9999,0.98652,0.996726
0.9999,0.94185,0.9999,0.941077,0.972647,0.999462,0.974543,0.958096,0.9999,0.998989
0.9999,0.305919,0.986443,0.9999,0.997344,0.9999,0.978432,0.9999,0.999798,0.97719
0.9691,0.826636,0.994447,0.985855,0.999827,0.9999,0.97141,0.9999,0.938433,0.161622
0.9999,0.117692,0.9999,0.990166,0.9999,0.0351628,0.999674,0.0537043,0.866637,0.999024
0.9999,0.998897,0.9999,0.867344,0.997306,0.999856,0.997698,0.571959,0.972391,0.058811
0.976773,0.999178,0.999733,0.971522,0.820911,0.9999,0.696204,0.994211,0.988149,0.99965
0.9999,0.9999,0.936645,0.98932,0.106773,0.553483,0.67139,0.991317,0.974508,0.9999
0.993836,0.9999,0.183256,0.957606,0.58052,0.935882,0.0223442,0.920058,0.9999,0.9999
0.9999,0.9999,0.9999,0.862958,0.124476,0.9999,0.999623,0.00973603,0.999788,0.9999
0.935599,0.00696316,0.9999,0.986905,0.820652,0.237241,0.999809,0.9999,0.977644,0.87605
0.836325,0.467332,0.981272,0.00221249,0.710446,0.990855,0.997466,0.17378,0.9999,0.9999
0.999058,0.261654,0.99989,0.423419,0.320864,0.989099,0.00457692,0.000676637,0.990421,0.9999
0.994253,0.99851,0.989715,0.9999,0.662634,0.9999,0.99578,0.945735,0.9999,0.78707
0.934731,0.951486,0.9999,0.99335,0.00239887,0.9999,0.999793,0.888754,0.700056,0.608283
0.78595,0.230027,0.9999,0.99962,0.99891,0.117532,0.995117,0.958933,0.9999,0.856686
0.995318,0.9999,0.9999,0.00129247,0.739695,0.9999,0.982887,0.9999,0.938942,0.490888
0.670439,0.9999,0.9999,0.447797,0.9999,0.998141,0.674017,0.9999,0.998887,0.965409
0.9999,0.999872,0.771347,0.999546,0.242847,0.533745,0.998728,0.299467,0.958648,0.9999
0.9999,0.984422,0.945963,0.982917,0.935694,0.0577416,0.94185,0.541453,0.40694,0.878388
0.9999,0.997479,0.991317,0.9999,0.9999,0.980849,0.9999,0.9999,0.9999,0.95058
0.910809,0.940592,0.0100327,0.903139,0.999762,0.9999,0.277067,0.9999,0.9999,0.999103
0.79383,0.989238,0.987144,0.999744,0.219546,0.9999,0.352684,0.204363,0.999577,0.980049
0.0149154,0.987399,0.9999,0.9999,0.9135,0.9999,0.930628,0.574175,0.9999,0.995168
0.9999,0.9999,0.913877,0.9999,0.452751,0.904461,0.999716,0.902979,0.0156332,0.913522
0.9999,0.800248,0.998822,0.9999,0.993492,0.9999,0.9999,0.988323,0.970024,0.00149264
0.859139,0.948465,0.973515,0.00367622,0.991882,0.9999,0.704887,0.973827,0.9999,0.996978
0.984893,0.852966,0.9999,0.803692,0.999802,0.944679,0.862622,0.999772,0.9999,0.424409
0.9999,0.994661,0.975056,0.9999,0.0746025,0.999657,0.987816,0.00835515,0.9999,0.708755
0.999333,0.97866,0.983235,0.977349,0.999,0.9999,0.985099,0.808615,0.65841,0.9999
0.864639,0.986839,0.878711,0.999885,0.9999,0.195116,0.995659,0.958933,0.9999,0.957837
0.9999,0.987382,0.992059,0.9999,0.99348,0.0264974,0.972927,0.998399,0.0125664,0.523883
0.9999,0.883408,0.9999,0.732077,0.998267,0.999669,0.9999,0.988908,0.9999,0.979271
0.998339,0.0073116,0.00247942,0.999646,0.996685,0.999756,0.984491,0.999203,0.0136016,0.9999
0.723762,0.00194259,0.358261,0.542119,0.0746025,0.989546,0.339427,0.999119,0.0291638,0.685519
0.999729,0.980129,0.880767,0.871136,0.432553,0.9999,0.894437,0.98843,0.179904,0.967984
0.9999,0.999568,0.815651,0.999788,0.999002,0.980534,0.999858,0.9281,0.0074096,0.998075
0.940327,0.20262,0.948459,0.968658,0.560014,0.24914,0.999835,0.403464,0.774017,0.209738
0.9999,0.00189505,0.704758,0.9999,0.999,0.9999,0.999596,0.999037,0.997531,0.9999
0.906362,0.989036,0.995075,0.997908,0.930241,0.99876,0.9999,0.999839,0.869654,0.796594
0.424669,0.998764,0.999195,0.998581,0.126233,0.999,0.859298,0.9999,0.9999,0.9999
0.9999,0.569773,0.9999,0.414622,0.999693,0.9999,0.554264,0.999652,0.753882,0.847144
0.9999,0.530182,0.618652,0.826007,0.976525,0.989588,0.998382,0.01077,0.9999,0.473005
0.995284,0.999317,0.918948,0.931829,0.979271,0.876636,0.373685,0.493463,0.972325,0.9999
0.9999,0.999744,0.0911978,0.9999,0.877283,0.9999,0.0482827,0.320013,0.9999,0.94047
0.9999,0.529752,0.0919145,0.992145,0.991417,0.357387,0.135701,0.403464,0.999488,0.981575
0.633476,0.979695,0.999603,0.9999,0.9999,0.997845,0.0104834,0.902418,0.687323,0.9999
0.99953,0.626009,0.373895,0.252181,0.759697,0.999832,0.9999,0.598438,0.9999,0.997908
0.716897,0.999869,0.517807,0.81431,0.900146,0.9999,0.168464,0.9999,0.98799,0.049355
0.983778,0.9999,0.366189,0.999825,0.811021,0.999866,0.000769801,0.55925,0.9999,0.995509
0.9999,0.250837,0.991515,0.9999,0.959671,0.999306,0.00226136,0.9999,0.893299,0.9999
0.980234,0.244613,0.00237325,0.9999,0.98664,0.9999,0.932258,0.583357,0.999,0.724965
0.734209,0.994671,0.873579,0.9992,0.912421,0.532054,0.126019,0.959003,0.9999,0.965409
0.929759,0.999896,0.998863,0.502529,0.00829874,0.9999,0.72838,0.998363,0.938654,0.999795
0.9999,0.987073,0.779301,0.9999,0.9999,0.9999,0.278773,0.692734,0.724688,0.914867
0.9999,0.808535,0.145601,0.864028,0.9999,0.9999,0.269721,0.873201,0.102414,0.978353
0.999783,0.987073,0.961868,0.958648,0.9999,0.497444,0.989391,0.92795,0.9999,0.90366
0.999501,0.977557,0.796279,0.9999,0.9999,0.982402,0.999747,0.0268776,0.670993,0.9999
0.9999,0.9999,0.997413,0.998382,0.7346,0.911314,0.591791,0.929759,0.999817,0.999
0.9999,0.784549,0.408308,0.343467,0.999,0.9999,0.465112,0.590539,0.996962,0.743491
0.9999,0.9999,0.9999,0.9999,0.0378863,0.0459927,0.996534,0.939761,0.555972,0.986483
0.649158,0.00120564,0.9999,0.941813,0.9999,0.561181,0.999249,0.315057,0.991312,0.99031
0.9999,0.9999,0.9999,0.82874,0.935838,0.97414,0.9999,0.605304,0.9999,0.9999
0.9999,0.78633,0.995565,0.999862,0.9999,0.983752,0.993596,0.258135,0.988314,0.949459
0.968561,0.999465,0.9999,0.9999,0.999098,0.9999,0.945739,0.00345519,0.9999,0.561481
0.9999,0.999839,0.99955,0.999527,0.9999,0.29238,0.9999,0.481708,0.9999,0.9999
0.999669,0.973475,0.9999,0.999573,0.993408,0.9999,0.999739,0.0740262,0.9999,0.838509
0.9999,0.000212536,0.0104134,0.9999,0.998466,0.9999,0.147298,0.996641,0.999498,0.698604
0.0648152,0.9999,0.95871,0.990228,0.639802,0.968092,0.972309,0.986939,0.999861,0.198965
0.993752,0.253939,0.00124675,0.000318362,0.994964,0.9999,0.994884,0.9999,0.758835,0.302469
0.9999,0.723656,0.9999,0.988566,0.999734,0.9999,0.987482,0.654211,0.997021,0.9999
0.9999,0.989238,0.999493,0.589317,0.535024,0.999333,0.998179,0.828067,0.9999,0.993746
0.9999,0.462879,0.000425243,0.993587,0.924916,0.999827,0.958223,0.99393,0.9999,0.476844
0.997985,0.00189094,0.999682,0.999001,0.572234,0.999856,0.990937,0.999713,0.605576,0.999605
0.867245,0.9999,0.123763,0.9999,0.890286,0.9999,0.9999,0.989792,0.910368,0.999
0.9999,0.970788,0.217035,0.999695,0.771844,0.99595,0.914089,0.9999,0.929785,0.979243
0.983741,0.9999,0.9999,0.9999,0.833793,0.949209,0.000247454,0.878044,0.195084,0.998399
0.9999,0.618751,0.771844,0.9999,0.955591,0.998643,0.320466,0.743549,0.9999,0.226104
0.9999,0.00821095,0.999368,0.956096,0.15229,0.027691,0.269721,0.146766,0.966892,0.978848
0.730078,0.531049,0.889596,0.999326,0.72706,0.644278,0.996658,0.81229,0.997876,0.931628
0.857741,0.507503,0.823989,0.9999,0.535024,0.00177381,0.987551,0.17696,0.999839,0.988183
0.9999,0.990429,0.000618237,0.9999,0.9999,0.9999,0.370666,0.40414,0.999639,0.9999
0.578129,0.959179,0.928935,0.416089,0.982281,0.998204,0.999324,0.995178,0.992709,0.0187523
0.999891,0.203134,0.98707,0.9999,0.958284,0.9999,0.9999,0.998134,0.999806,0.0414054
0.9999,0.967549,0.9999,0.9999,0.000623392,0.651451,0.993737,0.954706,0.9999,0.999578
0.835551,0.986915,0.9999,0.9999,0.194199,0.9999,0.9999,0.999837,0.230749,0.9999
0.998637,0.292071,0.998209,0.639917,0.9999,0.9999,0.506955,0.999442,0.9999,0.904587
0.458579,0.250682,0.9999,0.922499,0.980271,0.9999,0.25217,0.932695,0.9999,0.9999
0.886213,0.934521,0.00305102,0.961119,0.954868,0.9999,0.993832,0.983364,0.862232,0.934366
0.9999,0.999552,0.988249,0.999498,0.848462,0.763419,0.408251,0.999879,0.999793,0.597025
0.9999,0.771357,0.9999,0.999892,0.986216,0.9999,0.988517,0.98239,0.96761,0.0236594
0.9999,0.999807,0.0188592,0.974508,0.127825,0.9999,0.0317631,0.997006,0.999592,0.150796
0.9999,0.00219517,0.9999,0.687047,0.9999,0.995148,0.967444,0.921851,0.9999,0.9999
0.9999,0.9999,0.396342,0.999892,0.427196,0.9999,0.9999,0.942001,0.967086,0.999875
0.454404,0.958951,0.160871,0.976513,0.995649,0.999897,0.998301,0.9999,0.9999,0.9999
0.810162,0.0617404,0.963037,0.589317,0.96994,0.9999,0.942876,0.920329,0.997807,0.9999
0.899957,0.998818,0.9999,0.931931,0.9999,0.9999,0.56531,0.9999,0.999,0.00155253
0.999,0.975681,0.456983,0.9999,0.551103,0.9999,0.954884,0.999814,0.989665,0.993779
0.989038,0.000106684,0.703597,0.999,0.613095,0.9999,0.998813,0.9999,0.994254,0.138882
0.00741724,0.248571,0.411512,0.9931,0.751533,0.9999,0.0881598,0.945193,0.979418,0.740404
0.253721,0.984625,0.998715,0.9999,0.99645,0.963214,0.434724,0.9999,0.9999,0.102409
0.9999,0.127262,0.9999,0.9999,0.998768,0.9999,0.0491519,0.948606,0.601561,0.482451
0.9999,0.925076,0.996391,0.999815,0.957514,0.9999,0.925392,0.517807,0.973193,0.058416
0.997174,0.059147,0.481226,0.902436,0.68186,0.9999,0.99962,0.957019,0.9999,0.052699
0.999883,0.799583,0.9999,0.999181,0.00482214,0.9999,0.0748482,0.99573,0.971522,0.999372
0.9999,0.808535,0.961868,0.954596,0.731709,0.977033,0.00825374,0.9999,0.584168,0.0108648
0.9999,0.999023,0.982565,0.999215,0.867378,0.9999,0.9999,0.9999,0.9999,0.9646
0.00663233,0.951486,0.9999,0.838739,0.126413,0.999653,0.989927,0.963675,0.984926,0.90259
0.0265753,0.920175,0.557506,0.99952,0.40048,0.9999,0.973311,0.297387,0.9999,0.999893
0.00325757,0.999635,0.999031,0.944992,0.000342907,0.9999,0.803692,0.9999,0.998244,0.587825
0.999638,0.534884,0.407249,0.991389,0.351034,0.9999,0.993706,0.9999,0.608629,0.9999
0.9999,0.996436,0.989339,0.819574,0.993779,0.9999,0.853745,0.9999,0.312109,0.842739
0.876636,0.990739,0.0470988,0.00104138,0.991872,0.97183,0.966572,0.00973603,0.991605,0.9999
0.9999,0.388428,0.481226,0.998606,0.909692,0.891447,0.530182,0.480567,0.913481,0.644064
0.875013,0.50353,0.968404,0.98947,0.530463,0.9999,0.801776,0.996207,0.991481,0.739695
0.9999,0.970394,0.663052,0.991454,0.9999,0.9999,0.665311,0.998109,0.999402,0.950851
0.599479,0.998631,0.976345,0.960804,0.76457,0.9999,0.998752,0.971704,0.998593,0.284755
0.904619,0.99678,0.998409,0.9999,0.63127,0.996749,0.00784416,0.995439,0.999857,0.992678
0.9999,0.9999,0.998557,0.9999,0.98664,0.00758265,0.895653,0.978985,0.974203,0.812832
0.959026,0.998712,0.998046,0.9999,0.961246,0.9999,0.934306,0.999781,0.688671,0.895706
0.723574,0.940888,0.359854,0.001,0.931223,0.998924,0.20758,0.947679,0.677432,0.9999
0.984479,0.485039,0.757163,0.9999,0.998603,0.985297,0.9999,0.99731,0.9999,0.808412
0.9999,0.997582,0.945963,0.00865772,0.996597,0.9999,0.935211,0.9999,0.994969,0.971286
0.9999,0.990039,0.999,0.579549,0.983884,0.0558744,0.987329,0.998045,0.819978,0.00174072
0.999583,0.946423,0.000994946,0.097024,0.986201,0.173935,0.993335,0.295375,0.997698,0.997594
0.62483,0.0640878,0.403464,0.995756,0.925208,0.984561,0.992026,0.997137,0.999181,0.725182
0.9999,0.320984,0.621301,0.797899,0.999,0.9999,0.998897,0.313589,0.998343,0.9999
0.9999,0.972685,0.962953,0.968201,0.856369,0.9999,0.000362314,0.984899,0.996726,0.988694
0.999145,0.976881,0.976574,0.999498,0.9999,0.952405,0.981501,0.872854,0.996731,0.9999
0.9999,0.130663,0.775319,0.906489,0.677428,0.9999,0.996447,0.999,0.9999,0.330548
0.9999,0.00509228,0.9999,0.948668,0.578428,0.998793,0.707838,0.98664,0.9999,0.0587607
0.568176,0.998382,0.995965,0.9999,0.998466,0.9999,0.998809,0.00219517,0.974203,0.320864
0.9999,0.999742,0.9999,0.117382,0.980556,0.8675,0.998792,0.713009,0.995135,0.9999
0.9999,0.681135,0.926769,0.934705,0.997872,0.540787,0.00391799,0.768508,0.981414,0.0746025
0.9999,0.9999,0.954377,0.9999,0.936299,0.505172,0.992209,0.729952,0.9999,0.920608
0.9999,0.331125,0.999852,0.996864,0.99852,0.835436,0.675051,0.998662,0.999691,0.0626461
0.634501,0.607488,0.429668,0.9999,0.803949,0.9999,0.999,0.68455,0.986905,0.866538
0.995991,0.999,0.961668,0.95107,0.993965,0.983321,0.99876,0.99849,0.182006,0.9999
0.9999,0.731249,0.951239,0.953285,0.429248,0.9999,0.0485808,0.996674,0.983333,0.236511
0.738822,0.357727,0.9999,0.9999,0.9999,0.949239,0.621819,0.248086,0.934581,0.000368208
0.999872,0.735975,0.89682,0.9999,0.9999,0.999715,0.174676,0.925375,0.99974,0.999799
0.980852,0.987816,0.968846,0.99945,0.0169972,0.90472,0.99234,0.00866657,0.9999,0.0175969
0.9999,0.0227963,0.631396,0.000257648,0.983817,0.999731,0.03009,0.9999,0.989537,0.996021
0.211943,0.970128,0.704758,0.994933,0.665402,0.952989,0.599491,0.820256,0.605272,0.993101
0.980534,0.999683,0.9999,0.993684,0.000103372,0.9423,0.996784,0.434806,0.988927,0.991925
0.992954,0.00175621,0.9999,0.9999,0.96009,0.994666,0.999886,0.939205,0.998624,0.9999
0.999055,0.983435,0.9999,0.999476,0.999897,0.14371,0.999281,0.99337,0.97095,0.0273361
0.996112,0.660257,0.875107,0.639917,0.998585,0.3861,0.00747927,0.811021,0.734789,0.275557
0.946862,0.81563,0.650063,0.651324,0.9999,0.997432,0.937069,0.995891,0.9931,0.9999
0.9999,0.775972,0.809748,0.999846,0.997863,0.54224,0.951736,0.993591,0.801671,0.997594
0.991651,0.881835,0.441969,0.9999,0.991235,0.9999,0.575667,0.9999,0.9999,0.307838
0.9999,0.940269,0.517833,0.970969,0.987109,0.998597,0.955377,0.765631,0.9999,0.996333
0.9999,0.200564,0.9999,0.99976,0.999288,0.0239866,0.795848,0.995095,0.9999,0.9999
0.9999,0.486039,0.519579,0.985516,0.997084,0.753155,0.999781,0.9999,0.9999,0.800045
0.999783,0.9999,0.999148,0.941191,0.0131187,0.9999,0.989916,0.702485,0.986905,0.9999
0.992954,0.9999,0.998169,0.308996,0.833793,0.9999,0.991626,0.942682,0.971014,0.879813
0.992954,0.999586,0.9999,0.999639,0.982217,0.931365,0.999422,0.451857,0.9999,0.9999
0.963214,0.858282,0.967096,0.9999,0.0822424,0.986324,0.562593,0.650489,0.9999,0.329782
0.9999,0.943185,0.0617086,0.999203,0.99762,0.99961,0.650762,0.343864,0.355399,0.941129
0.973524,0.9999,0.9999,0.999448,0.978848,0.998995,0.703712,0.961868,0.9999,0.642496
0.993856,0.998503,0.751596,0.589317,0.999247,0.9999,0.9999,0.871209,0.9999,0.960054
0.9999,0.999046,0.772596,0.9999,0.00103597,0.9999,0.992352,0.331026,0.999889,0.8411
0.9999,0.164645,0.831288,0.9999,0.998741,0.99925,0.374453,0.983318,0.0576922,0.619184
0.996258,0.999426,0.834424,0.097024,0.997854,0.9999,0.999507,0.9999,0.937198,0.60643
0.9999,0.999765,0.99849,0.594825,0.9999,0.9999,0.988785,0.749084,0.9999,0.996452
0.162272,0.677672,0.999371,0.158003,0.994462,0.000719607,0.9999,0.000754981,0.822663,0.811324
0.930156,0.991944,0.9999,0.903139,0.959986,0.99622,0.00669878,0.99937,0.999752,0.976873
0.9999,0.974885,0.560464,0.996208,0.00416682,0.9999,0.621819,0.9999,0.972453,0.993345
0.190417,0.9999,0.943328,0.460981,0.914483,0.9999,0.00366348,0.00236749,0.701827,0.640219
0.999866,0.940394,0.309892,0.999865,0.981971,0.9999,0.999722,0.00195846,0.999325,0.98842
0.972732,0.946177,0.999121,0.994826,0.998881,0.454404,0.997854,0.999562,0.332096,0.999362
0.9999,0.978432,0.943046,0.132442,0.9999,0.168291,0.981787,0.999404,0.386093,0.0210285
0.994688,0.987433,0.973827,0.346375,0.959177,0.997698,0.999686,0.110464,0.9999,0.628109
0.131851,0.900146,0.000958424,0.985039,0.984325,0.9999,0.9951,0.990856,0.9999,0.9999
0.741656,0.708571,0.9999,0.9999,0.827409,0.9999,0.9999,0.598088,0.999,0.9999
0.904461,0.183581,0.9999,0.0859343,0.934366,0.9999,0.989062,0.998013,0.976134,0.9999
0.9999,0.52183,0.37259,0.866637,0.001,0.9999,0.9999,0.288488,0.999883,0.534142
0.9999,0.9999,0.998981,0.9999,0.986372,0.99961,0.998917,0.385444,0.647382,0.997724
0.9999,0.991699,0.824576,0.9999,0.115103,0.9999,0.9999,0.997542,0.999825,0.998312
0.9999,0.00832451,0.989247,0.9999,0.997866,0.9999,0.995573,0.9999,0.408232,0.393439
0.9999,0.943977,0.987503,0.65252,0.9999,0.997895,0.999434,0.998399,0.90377,0.9999
0.9999,0.921101,0.996519,0.9999,0.9999,0.963214,0.999578,0.964812,0.997691,0.569012
0.999375,0.434724,0.9999,0.9999,0.00301016,0.994868,0.117692,0.929416,0.9999,0.998181
0.946862,0.954826,0.9999,0.52251,0.9999,0.9999,0.187702,0.55136,0.992336,0.996997
0.9999,0.411555,0.942562,0.9999,0.9999,0.9999,0.946636,0.995185,0.9999,0.000706551
0.9999,0.239167,0.0054254,0.691849,0.9999,0.9999,0.9951,0.9999,0.997389,0.998447
0.784406,0.997502,0.812994,0.999804,0.00706407,0.9999,0.996265,0.882722,0.966248,0.00382522
0.997621,0.948105,0.99393,0.9999,0.72706,0.9999,0.971027,0.994634,0.998317,0.210538
0.906362,0.9999,0.9999,0.999744,0.975611,0.9999,0.991292,0.0274835,0.990048,0.88206
0.0309806,0.157099,0.9999,0.9999,0.00570001,0.9999,0.637852,0.759914,0.99143,0.0405602
0.999,0.898241,0.9999,0.9999,0.999734,0.9999,0.975748,0.478031,0.9999,0.749962
0.999333,0.675995,0.993154,0.698117,0.9999,0.9999,0.99903,0.705714,0.829891,0.9999
0.9999,0.989115,0.9999,0.999159,0.0158293,0.432114,0.692217,0.9999,0.9999,0.985321
0.9999,0.886061,0.999493,0.301891,0.982743,0.9999,0.893352,0.352674,0.9999,0.771907
0.9999,0.991074,0.0984953,0.862958,0.0829205,0.9999,0.991952,0.00180449,0.947815,0.0829205
0.991646,0.994567,0.988646,0.998888,0.942859,0.9999,0.543177,0.762274,0.999872,0.9999
0.9999,0.997048,0.999889,0.9999,0.00416682,0.989178,0.999775,0.783692,0.996113,0.975611
0.535344,0.527726,0.9999,0.997312,0.975196,0.9999,0.986451,0.472694,0.962176,0.9999
0.9999,0.9993,0.9999,0.9999,0.987434,0.725397,0.947352,0.9999,0.9999,0.999868
0.983752,0.996104,0.0406338,0.997769,0.9999,0.0128202,0.992619,0.170717,0.983763,0.812513
0.25529,0.0194195,0.974651,0.966892,0.9999,0.9999,0.731249,0.977825,0.985516,0.972012
0.9999,0.997048,0.997413,0.997121,0.92867,0.9999,0.993537,0.214198,0.138813,0.855328
0.426293,0.99777,0.992147,0.9999,0.9999,0.9999,0.0195744,0.637253,0.9999,0.989602
0.257966,0.998897,0.9999,0.999558,0.490888,0.381936,0.436736,0.998752,0.9999,0.934366
0.861215,0.999045,0.896787,0.589317,0.997872,0.989314,0.9999,0.960484,0.92944,0.00276096
0.9999,0.994367,0.187607,0.9999,0.999828,0.9999,0.999298,0.9999,0.985649,0.765066
0.999891,0.998426,0.9999,0.9999,0.000724983,0.9999,0.00476316,0.999603,0.999523,0.9999
0.999485,0.9999,0.997625,0.837374,0.0653499,0.620607,0.722877,0.9999,0.992145,0.998741
0.9999,0.0539806,0.9999,0.999899,0.713201,0.984989,0.999835,0.9999,0.655656,0.980511
0.967798,0.00040549,0.9999,0.871136,0.102409,0.999772,0.9999,0.985663,0.255845,0.891124
0.9999,0.942821,0.99795,0.587027,0.93291,0.9999,0.919933,0.995712,0.998749,0.665274
0.997283,0.996265,0.00309655,0.9999,0.9999,0.620607,0.999809,0.992678,0.9999,0.996226
0.9999,0.727153,0.9999,0.641042,0.918595,0.00455992,0.998438,0.162669,0.9999,0.997084
0.999557,0.988517,0.621301,0.998937,0.608305,0.0219092,0.866706,0.557506,0.998624,0.60881
0.9999,0.98847,0.9999,0.909613,0.312137,0.9999,0.0323429,0.001,0.9999,0.9999
0.999744,0.999426,0.878127,0.999,0.9999,0.9999,0.9999,0.980533,0.9999,0.908464
0.946862,0.532223,0.01319,0.99808,0.352555,0.9999,0.211274,0.00181987,0.499324,0.9999
0.9999,0.280458,0.949194,0.950156,0.525735,0.988539,0.173493,0.965403,0.287456,0.0762373
0.993842,0.995331,0.842713,0.9999,0.962428,0.9999,0.9999,0.961335,0.765307,0.9999
0.9999,0.884578,0.995241,0.461671,0.420904,0.82387,0.999842,0.9999,0.997747,0.525735
0.899957,0.660257,0.99985,0.999895,0.9999,0.9999,0.001,0.928854,0.9999,0.999
0.999551,0.0579485,0.977675,0.600791,0.798825,0.9999,0.996739,0.9999,0.9999,0.9999
0.9999,0.240015,0.96846,0.978071,0.961759,0.860988,0.82044,0.0713411,0.9999,0.0137067
0.9999,0.973619,0.568959,0.9999,0.9999,0.9999,0.952896,0.996413,0.999001,0.9999
0.9972,0.194314,0.612538,0.999879,0.999896,0.9998,0.0129487,0.95871,0.655982,0.9999
0.771175,0.743208,0.24505,0.9999,0.9999,0.678687,0.821794,0.907623,0.9999,0.000863747
0.999806,0.988281,0.685242,0.9999,0.545146,0.9999,0.999823,0.9999,0.999847,0.542039
0.999854,0.000319053,0.9999,0.999596,0.133656,0.9999,0.972597,0.317656,0.9999,0.778208
0.9999,0.939127,0.978887,0.9999,0.999416,0.998924,0.9999,0.961335,0.990282,0.749847
0.817701,0.387809,0.9999,0.9999,0.0401108,0.9999,0.174676,0.997749,0.99527,0.0712329
0.997621,0.00616189,0.9999,0.422918,0.9999,0.29238,0.9999,0.996374,0.733962,0.00661695
0.999864,0.988036,0.999672,0.997136,0.000193277,0.9999,0.978386,0.999886,0.999402,0.0247485
0.9999,0.893352,0.9999,0.9999,0.980271,0.990153,0.112714,0.55925,0.9999,0.998726
0.999172,0.586038,0.989877,0.691717,0.999,0.9999,0.999336,0.846401,0.9999,0.00386696
0.9999,0.230616,0.732894,0.9999,0.940378,0.899766,0.642324,0.95113,0.9999,0.998418
0.453744,0.999739,0.997487,0.9999,0.340189,0.742505,0.999111,0.0112688,0.997721,0.999226
0.999,0.51004,0.396342,0.99456,0.309264,0.446596,0.963527,0.9999,0.999477,0.9999
0.9999,0.95839,0.935575,0.9999,0.119824,0.301315,0.999338,0.029517,0.990485,0.9999
0.9999,0.977332,0.985801,0.9999,0.729668,0.69864,0.986275,0.996201,0.933024,0.967826
0.983567,0.909633,0.9999,0.976351,0.99927,0.9999,0.999874,0.89682,0.838739,0.993168
0.980858,0.0347185,0.0108343,0.99988,0.9999,0.9999,0.692111,0.998219,0.968201,0.683374
0.999891,0.99826,0.9999,0.866637,0.938415,0.9999,0.9999,0.0870352,0.740121,0.999819
0.991839,0.94286,0.845525,0.9999,0.9999,0.971881,0.200392,0.9999,0.990949,0.9999
0.842914,0.999023,0.96831,0.997852,0.43531,0.9999,0.990291,0.989792,0.949105,0.996333
0.650634,0.958951,0.606043,0.555972,0.933968,0.553483,0.994108,0.999328,0.995479,0.9999
0.834538,0.804349,0.0657678,0.9999,0.0443729,0.968561,0.985565,0.931409,0.9999,0.930614
0.653889,0.934521,0.130663,0.939401,0.279384,0.9999,0.142321,0.788643,0.92481,0.845232
0.347791,0.989062,0.943746,0.9999,0.999558,0.618586,0.601748,0.9999,0.973708,0.998622
0.9999,0.999764,0.998338,0.935091,0.746713,0.9999,0.97037,0.9999,0.997691,0.992732
0.995241,0.996928,0.999479,0.65144,0.912408,0.999528,0.9999,0.9999,0.669143,0.920554
0.9999,0.011756,0.9999,0.999753,0.956529,0.999897,0.9999,0.9999,0.9999,0.9999
0.616734,0.74353,0.872195,0.999814,0.982524,0.9999,0.681135,0.745657,0.9999,0.9999
0.9999,0.990878,0.782897,0.688031,0.993965,0.753424,0.919933,0.987666,0.998372,0.9999
0.981224,0.955041,0.962969,0.342352,0.9999,0.994705,0.998884,0.939091,0.9999,0.27379
0.9999,0.999884,0.283453,0.999791,0.000809845,0.999488,0.932152,0.811895,0.9999,0.0378862
0.9999,0.262929,0.997643,0.999652,0.70384,0.9999,0.9999,0.139011,0.950639,0.988501
0.991657,0.999757,0.9999,0.984641,0.998929,0.99659,0.000495271,0.872827,0.983298,0.9999
0.9999,0.9999,0.143905,0.993687,0.982536,0.611759,0.997663,0.668456,0.9999,0.994451
0.362364,0.9999,0.9999,0.996083,0.935694,0.9999,0.929779,0.9999,0.996274,0.989904
0.9999,0.0281215,0.999656,0.9999,0.9999,0.999806,0.915157,0.998785,0.977599,0.000395443
0.842696,0.995831,0.995095,0.977349,0.00480816,0.9999,0.93775,0.9999,0.98652,0.00243844
0.888294,0.998528,0.922311,0.960411,0.9999,0.898797,0.9999,0.00613742,0.858566,0.441632
0.00120213,0.356959,0.886673,0.0925424,0.105106,0.912211,0.970788,0.9999,0.9999,0.00137173
0.999764,0.9999,0.9999,0.9999,0.949135,0.999,0.94593,0.9999,0.9999,0.997853
0.108944,0.9999,0.9999,0.9999,0.0312768,0.726317,0.958369,0.998221,0.341607,0.434389
0.9999,0.840407,0.92917,0.924751,0.999217,0.999626,0.995728,0.000336729,0.999433,0.9999
0.997696,0.889367,0.9997,0.970732,0.9999,0.113373,0.217285,0.878127,0.9999,0.275953
0.0539434,0.906316,0.9999,0.0125611,0.920607,0.977235,0.994224,0.228445,0.9999,0.677428
0.9999,0.840845,0.9999,0.9999,0.98855,0.945299,0.889795,0.999887,0.9999,0.985649
0.02749,0.0509045,0.999754,0.639982,0.999826,0.983504,0.148986,0.952994,0.997837,0.999688
0.999342,0.656263,0.779912,0.998038,0.9999,0.724121,0.995546,0.931024,0.999783,0.9999
0.9999,0.974617,0.128287,0.99371,0.992958,0.9999,0.947853,0.000680849,0.258999,0.0227591
0.9999,0.944227,0.986164,0.9999,0.525735,0.9999,0.411892,0.0108343,0.001,0.971671
0.999056,0.812368,0.999355,0.531605,0.659972,0.917607,0.993784,0.946071,0.489439,0.989602
0.82387,0.96701,0.615492,0.9999,0.927478,0.9999,0.982562,0.605304,0.802679,0.789758
0.9999,0.00271238,0.791006,0.999894,0.999745,0.354991,0.999,0.9999,0.9999,0.00459059
0.9999,0.993355,0.995783,0.998274,0.978226,0.872259,0.00240033,0.9999,0.993859,0.288085
0.829755,0.965236,0.998474,0.9999,0.843852,0.9999,0.998259,0.000112024,0.627048,0.940538
0.935599,0.999646,0.999817,0.9999,0.03249,0.9999,0.997021,0.928446,0.944902,0.999424
0.815651,0.999823,0.9999,0.9999,0.941253,0.999698,0.992209,0.9999,0.843013,0.90247
0.61062,0.676739,0.9999,0.925866,0.966892,0.9999,0.999726,0.9999,0.9999,0.996703
0.958121,0.993409,0.18904,0.9999,0.369892,0.989556,0.9999,0.999862,0.027259,0.984281
0.9999,0.382514,0.132595,0.937198,0.675051,0.925599,0.82025,0.9999,0.999,0.430526
0.9999,0.999657,0.0188592,0.829064,0.882311,0.989178,0.9999,0.9999,0.980782,0.972343
0.999655,0.114601,0.9999,0.730246,0.867921,0.9999,0.9999,0.9999,0.990228,0.000378066
0.998028,0.932442,0.999889,0.857588,0.98472,0.922301,0.99392,0.9999,0.9999,0.998152
0.32803,0.853835,0.9999,0.9999,0.00243698,0.0262271,0.485164,0.999898,0.9999,0.230963
0.999891,0.999751,0.9999,0.993354,0.965546,0.9999,0.977452,0.99937,0.913912,0.994718
0.991948,0.985959,0.9999,0.368378,0.359459,0.9999,0.106258,0.9999,0.9999,0.600641
0.9999,0.9999,0.9999,0.0452173,0.000529638,0.0816686,0.469962,0.911604,0.894501,0.9999
0.841873,0.493016,0.9999,0.997664,0.999368,0.9999,0.999,0.973515,0.9999,0.0341999
0.934922,0.0956949,0.483559,0.76595,0.998399,0.777721,0.999793,0.744151,0.9999,0.9994
0.9999,0.859023,0.9999,0.999844,0.998176,0.884287,0.992346,0.628459,0.990949,0.991635
0.999744,0.99961,0.9999,0.985283,0.663444,0.952648,0.9999,0.98707,0.999753,0.956194
0.3861,0.87272,0.997306,0.989759,0.102409,0.283816,0.9999,0.999117,0.81431,0.9999
0.9999,0.600625,0.784321,0.9999,0.935471,0.9999,0.998259,0.749084,0.9999,0.934366
0.9999,0.9999,0.999241,0.996156,0.051958,0.653889,0.999411,0.123763,0.999817,0.00387922
0.9999,0.609818,0.996897,0.888322,0.999681,0.978545,0.9999,0.9999,0.0689414,0.998316
0.9999,0.991275,0.158397,0.844173,0.347124,0.9999,0.993548,0.9999,0.988853,0.9999
0.834377,0.200905,0.311195,0.999558,0.997492,0.9999,0.878245,0.964812,0.9999,0.698604
0.999232,0.965216,0.9999,0.9999,0.998303,0.9999,0.00389583,0.9999,0.999865,0.975568
0.882092,0.945124,0.9999,0.9999,0.910443,0.999653,0.406379,0.17041,0.999522,0.00919477
0.9999,0.990291,0.732894,0.997961,0.966085,0.423324,0.999748,0.354877,0.9999,0.0111937
0.940014,0.9999,0.998358,0.995095,0.00224727,0.26758,0.990831,0.999363,0.998462,0.9999
0.920821,0.963527,0.160871,0.999722,0.945692,0.000107662,0.120153,0.99848,0.685371,0.990511
0.9999,0.344125,0.9999,0.9999,0.97951,0.997665,0.760313,0.999879,0.999721,0.997523
0.9999,0.998758,0.132694,0.2281,0.00249057,0.998424,0.00391799,0.763672,0.9999,0.982367
0.975232,0.004486,0.538416,0.363813,0.999397,0.999744,0.999896,0.994447,0.993288,0.983929
0.0409867,0.0527291,0.914148,0.9999,0.984728,0.711225,0.999025,0.998119,0.999695,0.998331
0.9999,0.661699,0.995697,0.999375,0.999828,0.999249,0.953757,0.664207,0.872827,0.991353
0.999541,0.999568,0.9999,0.9999,0.722323,0.9999,0.9999,0.9999,0.9999,0.971556
0.9999,0.99988,0.9999,0.997622,0.78707,0.992371,0.613999,0.943283,0.998921,0.00713792
0.851882,0.993726,0.994447,0.997882,0.971286,0.9999,0.990908,0.9999,0.998479,0.523688
0.9999,0.998013,0.9999,0.997757,0.0264974,0.998175,0.9999,0.177269,0.9999,0.0416893
0.939722,0.997339,0.967219,0.997882,0.999652,0.876743,0.981501,0.9999,0.99808,0.971027
0.941264,0.911028,0.315486,0.983818,0.999897,0.868994,0.00124126,0.993709,0.999835,0.999787
0.778274,0.997824,0.997178,0.99966,0.998388,0.98862,0.898678,0.966854,0.999034,0.854345
0.952653,0.999541,0.410486,0.9999,0.424409,0.894155,0.732118,0.99962,0.32013,0.683374
0.999747,0.9999,0.99573,0.9999,0.70959,0.99748,0.00252388,0.992926,0.679313,0.99168
0.9999,0.699478,0.9999,0.9999,0.606446,0.999872,0.614034,0.945226,0.992709,0.986075
0.999855,0.202185,0.999169,0.965822,0.752459,0.99933,0.634641,0.340914,0.0548651,0.959177
0.33612,0.9999,0.9999,0.99839,0.454015,0.9999,0.9999,0.000662724,0.992568,0.9999
0.9999,0.0108142,0.232965,0.0151913,0.990762,0.573849,0.990831,0.9999,0.999,0.53068
0.999488,0.98337,0.175919,0.9999,0.959986,0.9999,0.0427116,0.9999,0.763242,0.00103741
0.9999,0.999447,0.818756,0.9999,0.999367,0.9999,0.998822,0.992197,0.999789,0.997716
0.996203,0.00067432,0.863414,0.9999,0.888053,0.00376788,0.998019,0.999049,0.692556,0.999759
0.749219,0.997829,0.980346,0.9999,0.999844,0.988253,0.698683,0.997483,0.9999,0.914692
0.9999,0.99154,0.763645,0.63543,0.946521,0.9999,0.999717,0.9999,0.9999,0.998454
0.437238,0.485039,0.9999,0.969919,0.9999,0.999251,0.484008,0.9714,0.998452,0.00035149
0.9999,0.893352,0.106693,0.9999,0.993534,0.99337,0.545683,0.97487,0.997698,0.9999
0.166173,0.998711,0.9999,0.828189,0.998897,0.392965,0.949079,0.00351414,0.0559711,0.768059
0.967085,0.698619,0.238011,0.126729,0.634574,0.956887,0.381566,0.98579,0.999478,0.786451
0.914033,0.00211595,0.972795,0.9999,0.9999,0.0151566,0.691055,0.945116,0.990811,0.9999
0.893198,0.998366,0.250441,0.9999,0.996888,0.9999,0.707838,0.000902759,0.9999,0.997284
0.9999,0.980235,0.0965512,0.9999,0.958284,0.653889,0.897829,0.99289,0.9999,0.999824
0.999,0.00122914,0.998718,0.994974,0.13369,0.853858,0.558539,0.979518,0.648815,0.347124
0.9999,0.0592171,0.912733,0.9999,0.073385,0.9999,0.920958,0.999841,0.982065,0.981203
0.0617809,0.877836,0.9999,0.9999,0.9999,0.9999,0.502452,0.961868,0.999862,0.9999
0.9999,0.238742,0.69554,0.9999,0.833793,0.984425,0.9999,0.429668,0.995564,0.977815
0.895826,0.940986,0.91668,0.996962,0.967046,0.9999,0.96701,0.982777,0.9999,0.999822
0.9999,0.990116,0.175919,0.0684362,0.983786,0.0960722,0.754187,0.999494,0.0936734,0.00231157
0.9999,0.999428,0.864886,0.9999,0.9999,0.0208761,0.999889,0.836608,0.9999,0.960423
0.9999,0.972309,0.9999,0.9999,0.9999,0.9999,0.998897,0.700645,0.572257,0.80474
0.998721,0.932212,0.000748251,0.681135,0.997942,0.0277998,0.72111,0.889596,0.9999,0.595932
0.999113,0.997687,0.0112688,0.997109,0.188211,0.9999,0.60682,0.9999,0.931682,0.0829205
0.999,0.999573,0.403464,0.9999,0.965409,0.9999,0.999235,0.105047,0.99962,0.424409
0.00107769,0.588132,0.619184,0.9999,0.9999,0.9999,0.239248,0.9999,0.983481,0.9999
0.0501314,0.67993,0.9999,0.9999,0.975611,0.9999,0.101209,0.330777,0.999735,0.319209
0.0157003,0.504623,0.731436,0.998699,0.999618,0.9999,0.805584,0.924808,0.708009,0.999416
0.9999,0.330664,0.497898,0.001,0.998037,0.9999,0.998337,0.596047,0.9999,0.978841
0.9999,0.993644,0.881391,0.9999,0.999,0.36519,0.964721,0.959893,0.521917,0.553045
0.773443,0.655314,0.998745,0.723518,0.233417,0.9999,0.9999,0.549032,0.541712,0.55883
0.988643,0.9999,0.000799257,0.981302,0.544252,0.835551,0.689072,0.976764,0.000165648,0.373904
0.88515,0.984502,0.9267,0.990228,0.959986,0.9999,0.708323,0.9999,0.9999,0.995569
0.972998,0.230699,0.997139,0.999035,0.987646,0.9999,0.993409,0.702485,0.9999,0.214782
0.9999,0.980129,0.9897,0.9999,0.58052,0.314957,0.9999,0.961822,0.999036,0.990234
0.985278,0.999744,0.880698,0.743673,0.9999,0.806702,0.570682,0.9999,0.983106,0.793532
0.882487,0.968587,0.993587,0.9999,0.999724,0.0981058,0.475307,0.996062,0.9999,0.892263
0.999813,0.999882,0.621301,0.9999,0.134532,0.9999,0.746859,0.9999,0.998263,0.0124954
0.993832,0.00276177,0.998715,0.989093,0.9999,0.9999,0.801314,0.27807,0.9999,0.00249057
0.9999,0.998287,0.9999,0.999523,0.999247,0.561181,0.013545,0.9999,0.999502,0.977888
0.9999,0.995769,0.9999,0.9999,0.997845,0.697715,0.932698,0.651804,0.0406598,0.268263
0.977235,0.20546,0.999774,0.965706,0.00174043,0.99464,0.0062228,0.9999,0.999629,0.94544
0.872722,0.999896,0.99876,0.9999,0.97719,0.9999,0.985039,0.739547,0.983298,0.9999
0.9999,0.980788,0.983436,0.9999,0.855618,0.9999,0.0509045,0.999866,0.9999,0.999681
0.0968562,0.999,0.37512,0.988853,0.33321,0.955769,0.999824,0.977257,0.9999,0.874101
0.997985,0.949079,0.995634,0.997264,0.995962,0.993856,0.999623,0.000101406,0.9999,0.967193
0.923159,0.973453,0.9999,0.9999,0.933697,0.9999,0.9999,0.983929,0.9999,0.9999
0.414736,0.647852,0.9999,0.9999,0.746514,0.997538,0.987329,0.956797,0.9999,0.998267
0.00986989,0.745346,0.9999,0.999572,0.9999,0.99899,0.832559,0.975872,0.99988,0.999781
0.987063,0.00899924,0.672568,0.994581,0.764481,0.9999,0.280458,0.466066,0.994809,0.941129
0.9999,0.999637,0.984696,0.671501,0.9999,0.0175716,0.997198,0.998551,0.999813,0.889053
0.9999,0.990485,0.979271,0.994722,0.976231,0.0686909,0.97267,0.99971,0.321256,0.9999
0.961752,0.537485,0.973497,0.937083,0.94047,0.9999,0.830443,0.999287,0.971887,0.9999
0.999783,0.999725,0.0133248,0.999897,0.994544,0.9999,0.0895634,0.998874,0.0805507,0.899675
0.9999,0.954352,0.06766,0.603765,0.992111,0.9999,0.200392,0.996902,0.999836,0.998301
0.9999,0.994264,0.931727,0.253939,0.992052,0.909629,0.999853,0.995481,0.998075,0.645084
0.9999,0.00165713,0.0703136,0.9999,0.73846,0.9999,0.773631,0.478412,0.000872283,0.315536
0.211943,0.960735,0.996465,0.9999,0.0045966,0.999525,0.9999,0.9999,0.9999,0.0989514
0.9999,0.999623,0.221439,0.997961,0.974252,0.9999,0.626009,0.221078,0.975355,0.999367
0.9999,0.904688,0.991194,0.423632,0.92838,0.00458572,0.9999,0.99894,0.9999,0.405556
0.9999,0.90314,0.9999,0.60012,0.96653,0.958498,0.989927,0.658152,0.999,0.7346
0.754287,0.637852,0.9999,0.880663,0.994935,0.999794,0.999271,0.9999,0.560912,0.000368575
0.813773,0.837543,0.999894,0.998873,0.993432,0.9999,0.0998752,0.999716,0.858467,0.217276
0.9999,0.246259,0.9999,0.9999,0.9999,0.553483,0.905065,0.0965512,0.949419,0.760004
0.9999,0.942655,0.9999,0.973193,0.102409,0.9999,0.280458,0.998794,0.957215,0.001
0.970379,0.960985,0.999151,0.997021,0.976552,0.280458,0.957131,0.01077,0.742125,0.337159
0.997621,0.666213,0.196658,0.9999,0.9999,0.9999,0.315978,0.998718,0.998444,0.000809845
0.9999,0.479483,0.406265,0.997852,0.0653499,0.9999,0.00185063,0.9999,0.999885,0.271013
0.972794,0.937837,0.997648,0.982752,0.9999,0.95623,0.767902,0.999578,0.950586,0.998343
0.979847,0.712556,0.9999,0.993009,0.9999,0.82387,0.0149154,0.999816,0.9999,0.9999
0.101642,0.945739,0.0467275,0.999864,0.9999,0.987171,0.711137,0.345515,0.999846,0.930241
0.9999,0.997663,0.932975,0.783336,0.984997,0.9999,0.981505,0.9999,0.913087,0.966765
0.974617,0.997964,0.9999,0.990949,0.999496,0.996978,0.992235,0.9999,0.497907,0.9999
0.9999,0.674901,0.924808,0.822795,0.996222,0.770544,0.992585,0.608543,0.998907,0.454015
0.975976,0.9999,0.991275,0.893979,0.151691,0.976929,0.128202,0.752412,0.997876,0.9999
0.920821,0.129462,0.991379,0.999572,0.999495,0.99987,0.996856,0.993154,0.973659,0.93291
0.977484,0.919933,0.9999,0.999889,0.9999,0.998143,0.998277,0.9999,0.999,0.991948
0.0260433,0.0335495,0.952828,0.991338,0.9999,0.997265,0.99092,0.921876,0.849684,0.992315
0.9999,0.991275,0.876952,0.997394,0.9999,0.72152,0.972685,0.9999,0.9999,0.9999
0.367077,0.939756,0.9999,0.9999,0.997806,0.551822,0.777093,0.9999,0.981023,0.997848
0.999,0.356959,0.55136,0.999545,0.983706,0.9999,0.980092,0.982871,0.998118,0.834577
0.9999,0.9999,0.9999,0.9999,0.253721,0.777721,0.999273,0.0795987,0.0171684,0.749962
0.0210901,0.912001,0.999318,0.365853,0.992348,0.999832,0.997874,0.154312,0.9999,0.933718
0.9999,0.963024,0.990466,0.999814,0.964421,0.995273,0.963047,0.912077,0.0203209,0.751533
0.695732,0.157099,0.994838,0.976748,0.981565,0.299687,0.973189,0.960395,0.997052,0.974
0.995391,0.978947,0.9999,0.9999,0.9999,0.998232,0.0385431,0.9999,0.998575,0.0389884
0.9999,0.0157483,0.976612,0.969919,0.999747,0.9999,0.858566,0.00258113,0.83394,0.998976
0.9999,0.997541,0.9999,0.559384,0.848084,0.0291535,0.993737,0.992979,0.991454,0.60881
0.999783,0.356959,0.999866,0.843188,0.115459,0.000827129,0.976011,0.9999,0.999799,0.876985
0.983612,0.704342,0.984972,0.00165074,0.9135,0.9999,0.783052,0.9999,0.000960755,0.250842
0.999655,0.294438,0.000154881,0.993865,0.223121,0.796739,0.00723929,0.923078,0.9999,0.807041
0.00783321,0.9999,0.993806,0.989148,0.058811,0.989556,0.943731,0.9999,0.457782,0.992515
0.763419,0.0781577,0.9999,0.962867,0.949874,0.9999,0.999757,0.34612,0.9999,0.494704
0.9999,0.981165,0.9999,0.9999,0.91583,0.999855,0.992266,0.999311,0.0561181,0.999351
0.973464,0.962799,0.9999,0.9999,0.981811,0.993177,0.9999,0.44919,0.999443,0.0253457
0.9999,0.998844,0.988972,0.310142,0.9999,0.999785,0.9999,0.9999,0.9999,0.976524
0.337533,0.919476,0.514396,0.999782,0.972934,0.292166,0.716658,0.834728,0.61131,0.9999
0.986597,0.59686,0.996207,0.999873,0.999634,0.9999,0.999715,0.9999,0.97764,0.150461
0.535203,0.58176,0.791025,0.973718,0.969947,0.9999,0.974524,0.9999,0.9999,0.9999
0.988743,0.996171,0.639917,0.9999,0.999716,0.9999,0.990077,0.824576,0.9999,0.742731
0.99388,0.0777309,0.517807,0.675383,0.775901,0.9999,0.00905971,0.9999,0.9999,0.859908
0.9999,0.9999,0.963238,0.110551,0.997866,0.655726,0.9999,0.663052,0.999829,0.00378337
0.911314,0.411808,0.822158,0.9999,0.966765,0.9999,0.42308,0.00130141,0.001,0.873448
0.9999,0.9999,0.789588,0.701689,0.9999,0.76182,0.718433,0.0320746,0.38579,0.534142
0.311142,0.932574,0.999527,0.00318316,0.9999,0.997194,0.244488,0.876909,0.9999,0.9999
0.00339502,0.998382,0.928854,0.9999,0.414736,0.623282,0.999882,0.9999,0.9999,0.683253
0.999289,0.870717,0.99988,0.99111,0.9999,0.9999,0.947599,0.9999,0.882092,0.894492
0.9999,0.746703,0.0100483,0.9999,0.9999,0.937365,0.126019,0.446462,0.907322,0.708169
0.996978,0.584243,0.120839,0.00337753,0.690088,0.02749,0.99333,0.91517,0.047656,0.992731
0.000668261,0.042941,0.9999,0.9999,0.935747,0.895772,0.75576,0.00465989,0.9999,0.997963
0.9999,0.786365,0.864662,0.9999,0.998531,0.000214887,0.999739,0.517807,0.998454,0.999889
0.984206,0.898182,0.991138,0.999815,0.995434,0.0968562,0.9999,0.18904,0.803002,0.988215
0.9999,0.998016,0.974603,0.994581,0.0655922,0.561181,0.0756743,0.999459,0.0702443,0.877192
0.98657,0.993379,0.983535,0.999753,0.458275,0.9999,0.75359,0.9999,0.9999,0.996333
0.9999,0.604348,0.96846,0.354133,0.00807892,0.998835,0.987019,0.932458,0.9999,0.992052
0.02749,0.9999,0.058416,0.9999,0.97838,0.872794,0.657756,0.998703,0.9999,0.990824
0.9999,0.0135315,0.0657678,0.9999,0.99409,0.998523,0.999788,0.993154,0.9999,0.9999
0.9999,0.842454,0.986378,0.999498,0.925208,0.949464,0.9999,0.979335,0.371552,0.631374
0.9999,0.376594,0.589875,0.562801,0.0495826,0.999892,0.99962,0.9999,0.995678,0.997387
0.9999,0.984502,0.757745,0.99969,0.9999,0.9999,0.905462,0.9999,0.9999,0.9999
0.9999,0.93836,0.565138,0.998444,0.548126,0.976847,0.870767,0.9999,0.9999,0.9999
0.995304,0.9999,0.00298008,0.998305,0.998999,0.986309,0.992366,0.900992,0.9999,0.977171
0.9999,0.9999,0.998828,0.923159,0.998446,0.9999,0.999686,0.729952,0.829891,0.995438
0.972582,0.640772,0.996538,0.9999,0.287583,0.859468,0.9999,0.641744,0.9999,0.9999
0.993116,0.112992,0.885604,0.997109,0.932639,0.9999,0.997719,0.982611,0.550353,0.126233
0.446448,0.997152,0.9999,0.983763,0.949046,0.9999,0.0522672,0.999839,0.9999,0.997866
0.9999,0.487155,0.808744,0.9999,0.19055,0.9999,0.997931,0.654744,0.903363,0.995042
0.492976,0.9942,0.96846,0.999763,0.9999,0.29238,0.0716301,0.9999,0.58042,0.050866
0.999,0.98332,0.225878,0.733962,0.973839,0.998491,0.99955,0.161342,0.683342,0.335813
0.661792,0.994263,0.9999,0.810465,0.999448,0.998709,0.943622,0.9999,0.9999,0.973412
0.974252,0.918696,0.874585,0.984229,0.9999,0.564237,0.668177,0.999198,0.979302,0.999217
0.996858,0.168293,0.0392855,0.570343,0.172453,0.842696,0.130663,0.090309,0.997769,0.999642
0.9999,0.940888,0.9999,0.999239,0.9999,0.9999,0.000219861,0.0518392,0.9999,0.0949806
0.072902,0.0353049,0.744175,0.453515,0.99828,0.994599,0.990908,0.9999,0.9999,0.96532
0.9999,0.889898,0.99922,0.695768,0.0315268,0.782314,0.0439437,0.94998,0.000657652,0.98871
0.972411,0.999824,0.626334,0.840272,0.985808,0.00257684,0.0781183,0.9999,0.873559,0.498041
0.9999,0.908902,0.969959,0.948907,0.972343,0.996083,0.99647,0.984245,0.999716,0.000623419
0.999602,0.0726579,0.00401504,0.00343536,0.00112256,0.993243,0.999757,0.914009,0.9999,0.717641
0.9999,0.9999,0.99902,0.999892,0.825919,0.988145,0.980997,0.9999,0.999845,0.9999
0.9999,0.664374,0.999898,0.991806,0.998622,0.9999,0.9999,0.621301,0.992145,0.103683
0.989191,0.900792,0.999845,0.9999,0.0310891,0.9999,0.589085,0.9999,0.997017,0.996082
0.999854,0.999869,0.9999,0.983105,0.00301905,0.1625,0.387809,0.9999,0.990416,0.998978
0.209869,0.985262,0.997933,0.973232,0.9999,0.9999,0.805664,0.9999,0.984392,0.720768
0.993851,0.999364,0.9999,0.9999,0.865212,0.843221,0.984003,0.504133,0.999832,0.206324
0.999782,0.655134,0.999,0.555972,0.992052,0.9999,0.963527,0.956933,0.9999,0.662421
0.0555729,0.999498,0.069312,0.999788,0.978769,0.9999,0.81076,0.0698223,0.9999,0.998035
0.991948,0.0131112,0.756036,0.175825,0.848229,0.101642,0.279075,0.937139,0.929785,0.996641
0.75247,0.998922,0.0116475,0.9999,0.919932,0.9999,0.99914,0.965428,0.999637,0.9999
0.0082211,0.955041,0.64028,0.80612,0.968638,0.9999,0.9999,0.704758,0.9999,0.999842
0.999694,0.258635,0.803624,0.001,0.124073,0.9999,0.759708,0.221078,0.9999,0.999651
0.847801,0.759708,0.999371,0.992475,0.999405,0.99907,0.999507,0.9999,0.9999,0.920554
0.9999,0.269721,0.992059,0.9999,0.982294,0.997692,0.9999,0.956317,0.999366,0.166002
0.423324,0.675995,0.994733,0.9999,0.9999,0.9999,0.0324619,0.999885,0.9999,0.60881
0.285348,0.158205,0.9999,0.999216,0.994565,0.9388,0.991529,0.998929,0.999425,0.578009
0.99899,0.950157,0.620607,0.00161588,0.97719,0.999446,0.366164,0.999796,0.497907,0.00207913
0.999525,0.9999,0.704758,0.9999,0.9999,0.9972,0.99989,0.629192,0.9999,0.213612
0.99953,0.722877,0.713999,0.97642,0.0887854,0.9999,0.980535,0.00093482,0.9999,0.330439
0.9999,0.919933,0.324061,0.9999,0.99929,0.999866,0.411682,0.904309,0.9999,0.999496
0.99977,0.75359,0.98644,0.9999,0.9999,0.9999,0.980782,0.946009,0.999,0.198965
0.999,0.981501,0.105225,0.9999,0.977576,0.9999,0.962639,0.935093,0.9999,0.964069
0.000318485,0.00464334,0.481226,0.9999,0.981565,0.9999,0.995244,0.992979,0.9999,0.9999
0.894663,0.938412,0.97605,0.999637,0.9999,0.999644,0.666953,0.9999,0.999375,0.091106
0.769179,0.999,0.796279,0.9999,0.966892,0.79683,0.882126,0.989792,0.902185,0.812513
0.989178,0.996812,0.434847,0.999862,0.9999,0.993745,0.963527,0.871209,0.9999,0.9999
0.939296,0.0451867,0.342229,0.989896,0.771907,0.9999,0.0591769,0.972146,0.9999,0.80472
0.9999,0.490701,0.9999,0.997154,0.996051,0.978461,0.999812,0.771844,0.371828,0.180726
0.835107,0.194314,0.9999,0.368378,0.9999,0.573849,0.957367,0.640219,0.998585,0.952989
0.9999,0.999781,0.00252666,0.9999,0.999582,0.896787,0.113001,0.9999,0.998457,0.0371828
0.00712572,0.9933,0.175919,0.999815,0.919932,0.930481,0.984491,0.000716356,0.999773,0.90569
0.9999,0.971353,0.962953,0.960293,0.999072,0.9999,0.999676,0.945735,0.179774,0.000966458
0.998745,0.945128,0.972197,0.956722,0.674552,0.949464,0.676266,0.979841,0.998184,0.946521
0.9999,0.584488,0.959626,0.988345,0.9999,0.0230561,0.931682,0.998884,0.9999,0.813171
0.998356,0.999859,0.158397,0.862643,0.498726,0.315239,0.40048,0.712856,0.9999,0.173478
0.930481,0.99234,0.24505,0.795444,0.9999,0.9999,0.902937,0.999367,0.9999,0.963321
0.9992,0.998636,0.410329,0.999323,0.999217,0.998028,0.562593,0.846401,0.11639,0.891318
0.998637,0.974281,0.761661,0.970024,0.315898,0.999502,0.464747,0.0406338,0.998239,0.978384
0.00888294,0.9999,0.956797,0.9999,0.134804,0.995689,0.821229,0.9999,0.9999,0.9999
0.000895567,0.9999,0.633018,0.999603,0.00906171,0.9999,0.357752,0.945963,0.95112,0.481676
0.9999,0.993548,0.00401504,0.999835,0.137537,0.9999,0.438518,0.9999,0.9999,0.967623
0.944679,0.795871,0.999181,0.999685,0.994935,0.9999,0.626009,0.9999,0.9999,0.999651
0.708627,0.878714,0.374741,0.999789,0.998274,0.29238,0.000509553,0.9999,0.998888,0.600137
0.9999,0.138885,0.366937,0.9992,0.927478,0.9999,0.9999,0.98212,0.9999,0.999738
0.9999,0.556388,0.9999,0.974278,0.865293,0.9999,0.135701,0.984904,0.955131,0.896557
0.842696,0.9999,0.9999,0.999582,0.999488,0.0015732,0.963527,0.448169,0.9999,0.557646
0.9999,0.78633,0.9999,0.99954,0.964649,0.999686,0.00215061,0.548274,0.999523,0.530146
0.835194,0.933131,0.467976,0.9999,0.994833,0.965906,0.997083,0.670608,0.9999,0.998329
0.961512,0.993596,0.967145,0.947037,0.85852,0.99936,0.9999,0.91126,0.00179197,0.959986
0.999,0.971148,0.9973,0.935981,0.985565,0.78795,0.999683,0.000246487,0.68186,0.137537
0.993803,0.973664,0.999796,0.9999,0.00532353,0.9972,0.996992,0.967078,0.966777,0.943171
0.9999,0.963527,0.394958,0.996483,0.977226,0.983483,0.000234508,0.998628,0.271424,0.997961
0.999891,0.994108,0.995276,0.99966,0.9999,0.9999,0.998915,0.9999,0.921856,0.0401952
0.99864,0.984355,0.130663,0.920955,0.919932,0.983752,0.977992,0.966854,0.947036,0.150796
0.9999,0.9999,0.0108343,0.9999,0.999763,0.999675,0.975814,0.000704484,0.9999,0.998108
0.930481,0.124411,0.991534,0.981028,0.00269734,0.9999,0.995736,0.989247,0.9999,0.000809845
0.9999,0.905024,0.99881,0.9999,0.99515,0.949464,0.735975,0.64028,0.9999,0.999364
0.9999,0.986544,0.9999,0.9999,0.9999,0.86718,0.998792,0.93804,0.9999,0.9999
0.941264,0.000657797,0.996565,0.999096,0.870089,0.9999,0.997188,0.37259,0.990421,0.997084
0.990949,0.995962,0.441027,0.9999,0.999196,0.000126007,0.0121119,0.999677,0.998593,0.992824
0.9999,0.976492,0.34612,0.8853,0.98147,0.999884,0.993335,0.910443,0.9988,0.896714
0.9999,0.994825,0.997995,0.994508,0.97838,0.933005,0.709917,0.9999,0.39019,0.99818
0.993752,0.998727,0.9999,0.804466,0.9999,0.9999,0.712181,0.976764,0.0245962,0.9999
0.995349,0.97141,0.9999,0.988474,0.907182,0.998185,0.9999,0.999032,0.445908,0.997937
0.9999,0.376273,0.00390758,0.509717,0.422052,0.00696837,0.00771282,0.658152,0.9999,0.998454
0.9999,0.9999,0.996249,0.969919,0.971856,0.9999,0.973548,0.89682,0.145112,0.993204
0.9999,0.996171,0.343864,0.9999,0.247279,0.996308,0.0808032,0.958933,0.9999,0.832285
0.996381,0.956096,0.873944,0.985842,0.058811,0.723855,0.9999,0.9999,0.996972,0.956194
0.00376788,0.988225,0.998599,0.994864,0.94047,0.90304,0.986257,0.999613,0.9999,0.879271
0.17858,0.958951,0.9999,0.560912,0.744707,0.82099,0.778135,0.260662,0.999425,0.992459
0.997975,0.286599,0.974603,0.9999,0.89308,0.9999,0.943087,0.973324,0.9999,0.127634
0.680854,0.998069,0.996441,0.9999,0.00636481,0.9388,0.724065,0.801992,0.990062,0.9999
0.971981,0.262192,0.956039,0.999549,0.0018812,0.999891,0.518687,0.996776,0.983763,0.817897
0.9999,0.0141295,0.999885,0.774017,0.998032,0.999023,0.712181,0.999458,0.999572,0.116679
0.929572,0.0335495,0.999,0.622714,0.248265,0.289485,0.797582,0.921851,0.999814,0.999375
0.9999,0.999734,0.596047,0.496535,0.985321,0.9999,0.550859,0.998755,0.9999,0.9999
0.9999,0.00438766,0.9999,0.997578,0.967005,0.00436138,0.9999,0.879203,0.999744,0.873154
0.994906,0.306872,0.989143,0.99886,0.998929,0.983709,0.999875,0.999509,0.9999,0.999315
0.842696,0.970231,0.987144,0.000595238,0.442579,0.9999,0.0361455,0.9999,0.999693,0.9999
0.628544,0.986839,0.9999,0.931587,0.998956,0.899957,0.982192,0.670608,0.962642,0.961932
0.0030223,0.715346,0.134532,0.997908,0.99904,0.00143691,0.603156,0.993299,0.835502,0.761156
0.74888,0.0756743,0.783571,0.9999,0.9999,0.991108,0.9999,0.9999,0.993948,0.107473
0.9999,0.753363,0.0279673,0.889527,0.999819,0.916521,0.014979,0.99977,0.991621,0.969947
0.9999,0.990039,0.997815,0.9999,0.240701,0.997265,0.9999,0.160871,0.9999,0.981203
0.996112,0.261315,0.999684,0.999589,0.690557,0.9999,0.707838,0.9999,0.817515,0.999894
0.423324,0.800737,0.824824,0.987895,0.854345,0.9999,0.000134667,0.9999,0.991338,0.674552
0.9999,0.9999,0.924808,0.891068,0.42397,0.983321,0.9999,0.992973,0.9999,0.988215
0.60184,0.996812,0.0798576,0.9999,0.997178,0.116928,0.996534,0.9999,0.648271,0.9999
0.9999,0.863624,0.998876,0.999744,0.9999,0.899957,0.344125,0.9999,0.998887,0.815774
0.0488751,0.604348,0.952021,0.549051,0.622974,0.711592,0.158475,0.00236749,0.984392,0.525735
0.935599,0.144657,0.998013,0.630757,0.232328,0.731794,0.817874,0.989596,0.9999,0.997894
0.99972,0.9999,0.778274,0.9999,0.00605899,0.9999,0.997992,0.699814,0.991625,0.9999
0.9999,0.7444,0.000229524,0.999857,0.737599,0.9999,0.925392,0.973827,0.9999,0.892829
0.994967,0.9999,0.996426,0.9999,0.984455,0.9999,0.979701,0.872323,0.9999,0.880153
0.9999,0.9999,0.9999,0.975766,0.0461047,0.97792,0.155233,0.561634,0.281176,0.989432
0.99763,0.999875,0.999872,0.633809,0.99725,0.9999,0.995364,0.980724,0.986821,0.9999
0.999446,0.9999,0.9999,0.9999,0.997298,0.9999,0.997521,0.106693,0.996934,0.551103
0.879813,0.9999,0.9999,0.9999,0.983328,0.9999,0.999775,0.994609,0.999765,0.985253
0.180362,0.999714,0.997538,0.9999,0.481676,0.9999,0.675376,0.862932,0.9999,0.955512
0.9999,0.9999,0.5654,0.9999,0.9999,0.997666,0.960735,0.999815,0.346742,0.999098
0.918605,0.00515134,0.9999,0.001,0.9999,0.9999,0.930575,0.9999,0.999753,0.168829
0.605114,0.808615,0.100863,0.980782,0.155591,0.284231,0.769467,0.954811,0.999375,0.361719
0.9999,0.972495,0.9999,0.9999,0.85049,0.781825,0.727365,0.992907,0.564837,0.709981
0.9999,0.964217,0.832524,0.999456,0.000297707,0.968374,0.9999,0.9999,0.999879,0.952989
0.102183,0.396342,0.98078,0.57396,0.347124,0.995147,0.9999,0.596207,0.986669,0.993746
0.829755,0.998075,0.615076,0.9999,0.9999,0.799292,0.95107,0.513295,0.929377,0.992971
0.250922,0.195567,0.867712,0.998965,0.999,0.971178,0.991494,0.158221,0.0943543,0.177271
0.139589,0.999714,0.833383,0.946518,0.205602,0.9411,0.373276,0.847324,0.9999,0.998183
0.9999,0.744875,0.347289,0.726354,0.985313,0.9999,0.946925,0.9999,0.999807,0.966952
0.9999,0.974983,0.330777,0.9999,0.9999,0.940061,0.829081,0.974736,0.999568,0.984281
0.9999,0.175505,0.207207,0.974203,0.998261,0.9999,0.9999,0.993916,0.9999,0.864569
0.999889,0.996756,0.441937,0.993985,0.881021,0.315239,0.9999,0.0131283,0.999,0.9999
0.9999,0.991464,0.993587,0.9999,0.334113,0.419708,0.999261,0.481558,0.9999,0.999217
0.9999,0.00302348,0.999578,0.998516,0.999781,0.077685,0.974237,0.592519,0.9999,0.248086
0.66221,0.976204,0.9999,0.774017,0.896714,0.9999,0.9999,0.99209,0.00173826,0.9999
0.9999,0.99234,0.914235,0.990339,0.568581,0.217657,0.656735,0.9999,0.991312,0.60881
0.899957,0.9999,0.55136,0.9999,0.998585,0.9999,0.820052,0.331371,0.746376,0.9999
0.9999,0.999786,0.447103,0.167456,0.991981,0.914174,0.797134,0.9999,0.9999,0.930082
0.9999,0.999757,0.203828,0.998575,0.811021,0.9999,0.999897,0.958933,0.414622,0.779879
0.999753,0.955329,0.880364,0.9999,0.0228709,0.512873,0.996246,0.999817,0.999,0.9999
0.206898,0.990291,0.276626,0.811953,0.00035174,0.9999,0.945534,0.950876,0.988309,0.954868
0.9999,0.806239,0.9999,0.9999,0.70384,0.999219,0.999603,0.879473,0.999035,0.466463
0.799823,0.9999,0.468872,0.749208,0.664972,0.9999,0.947853,0.973898,0.39461,0.990105
0.723762,0.983355,0.9999,0.87368,0.972343,0.807289,0.999823,0.833383,0.90192,0.998638
0.25529,0.998752,0.393753,0.999443,0.999822,0.999892,0.997808,0.162669,0.999742,0.569012
0.939846,0.707719,0.940476,0.963782,0.998972,0.932611,0.999899,0.719506,0.999735,0.534142
0.940265,0.862908,0.324646,0.998991,0.98472,0.85471,0.988677,0.132694,0.9999,0.995554
0.9999,0.104127,0.954352,0.9999,0.999653,0.335228,0.00205837,0.9999,0.974231,0.965508
0.0418639,0.977928,0.9999,0.0127007,0.999704,0.0515921,0.998897,0.994733,0.00893091,0.989712
0.0221628,0.993784,0.953486,0.992046,0.990203,0.9999,0.800248,0.915308,0.9999,0.353929
0.9999,0.00475008,0.9999,0.9999,0.903346,0.9999,0.00211595,0.999237,0.993134,0.974567
0.00345521,0.0509776,0.846401,0.9999,0.920554,0.997602,0.999566,0.99376,0.9999,0.9999
0.543177,0.996534,0.0884448,0.925866,0.57728,0.9999,0.927702,0.998613,0.774017,0.999711
0.990674,0.930747,0.950641,0.414558,0.965605,0.90314,0.234133,0.9999,0.869135,0.9999
0.9999,0.999534,0.99289,0.599033,0.982611,0.9999,0.999104,0.00340385,0.9735,0.581894
0.9999,0.484733,0.9899,0.992478,0.00128679,0.975455,0.973548,0.779575,0.970024,0.0780718
0.14278,0.103792,0.9999,0.949339,0.523021,0.9999,0.600791,0.158397,0.999732,0.920607
0.9999,0.830015,0.771347,0.837374,0.9999,0.9999,0.232715,0.615415,0.497907,0.521977
0.9999,0.268211,0.997413,0.9999,0.97538,0.82733,0.991046,0.99916,0.581662,0.978062
0.899802,0.998752,0.9999,0.139945,0.509722,0.730078,0.999703,0.979943,0.99962,0.098531
0.9999,0.996608,0.001,0.9999,0.0653499,0.9999,0.00475008,0.9999,0.9999,0.999
0.993116,0.946467,0.878127,0.193181,0.99437,0.9999,0.485039,0.25228,0.9999,0.9999
0.9999,0.999685,0.0678375,0.9999,0.001,0.000267378,0.919933,0.83498,0.9999,0.99899
0.9999,0.122638,0.999725,0.999753,0.9999,0.999,0.996784,0.960547,0.693909,0.984532
0.9999,0.853745,0.9999,0.9999,0.00381799,0.987012,0.58168,0.769042,0.00425894,0.9999
0.9999,0.965093,0.9999,0.999229,0.925208,0.9999,0.0383994,0.9999,0.934581,0.9999
0.958049,0.978386,0.702927,0.999568,0.966765,0.963214,0.001,0.00048786,0.9999,0.965668
0.028704,0.580974,0.729952,0.99808,0.9999,0.9999,0.998622,0.955212,0.9999,0.223383
0.9999,0.9999,0.0120512,0.9999,0.9999,0.578129,0.775542,0.106693,0.9999,0.909336
0.9999,0.092346,0.631304,0.999885,0.769457,0.9999,0.9999,0.01077,0.9999,0.999734
0.9999,0.9999,0.9999,0.9999,0.526377,0.99444,0.97254,0.994211,0.9999,0.965054
0.9999,0.993335,0.997229,0.9999,0.994342,0.9999,0.9999,0.000594164,0.999385,0.920554
0.744616,0.715346,0.122032,0.9999,0.956878,0.941264,0.963527,0.560224,0.999765,0.999
0.992954,0.970728,0.999122,0.0561181,0.954306,0.9999,0.000743231,0.84917,0.997808,0.9999
0.986654,0.989391,0.967707,0.9999,0.999468,0.999279,0.0616502,0.0766712,0.990234,0.999793
0.936657,0.995831,0.9999,0.993574,0.4651,0.9999,0.0869512,0.901249,0.98981,0.9999
0.9999,0.200905,0.999818,0.718875,0.9999,0.9999,0.850024,0.147952,0.686552,0.284632
0.271013,0.9999,0.994681,0.845474,0.534142,0.9999,0.982766,0.472213,0.9999,0.9999
0.9999,0.0317631,0.901748,0.999577,0.953135,0.999,0.00352287,0.880994,0.974203,0.999799
0.00102048,0.99951,0.9999,0.990949,0.962699,0.9999,0.951736,0.9999,0.985612,0.972077
0.9999,0.00787872,0.964907,0.9999,0.993442,0.999786,0.229394,0.0184055,0.9999,0.980655
0.9999,0.229817,0.991084,0.832446,0.9999,0.9999,0.9999,0.999596,0.979697,0.425352
0.9999,0.998809,0.290182,0.199729,0.803624,0.562789,0.919409,0.668456,0.996421,0.0564116
0.995782,0.951486,0.9999,0.999443,0.404156,0.9999,0.820226,0.9999,0.9999,0.492409
0.9999,0.886464,0.911604,0.169146,0.996607,0.9999,0.837936,0.9999,0.9999,0.9999
0.9999,0.983568,0.987979,0.278156,0.999558,0.999034,0.985362,0.9999,0.981326,0.224165
0.703663,0.72563,0.9999,0.999883,0.397241,0.0187254,0.584482,0.9999,0.9999,0.9999
0.844589,0.997198,0.963519,0.9999,0.51377,0.9999,0.9999,0.97487,0.9999,0.997594
0.623269,0.998798,0.995042,0.712639,0.00219836,0.99724,0.996935,0.9999,0.9999,0.984997
0.98862,0.999707,0.27807,0.99551,0.298881,0.899802,0.429408,0.221078,0.978785,0.9999
0.974156,0.997521,0.9999,0.9999,0.994589,0.9999,0.134374,0.9999,0.9999,0.000622428
0.284231,0.694838,0.999,0.998008,0.993168,0.968374,0.11635,0.962262,0.905682,0.999312
0.997602,0.985016,0.918948,0.723177,0.957514,0.9999,0.997687,0.999663,0.403283,0.9999
0.9999,0.0534666,0.997765,0.998887,0.98472,0.9999,0.626009,0.9999,0.9999,0.998183
0.9999,0.791882,0.99681,0.9999,0.997953,0.999885,0.9999,0.98316,0.9999,0.99683
0.904461,0.999895,0.670738,0.99981,0.9135,0.9999,0.9999,0.998209,0.9999,0.997866
0.9999,0.994273,0.9999,0.999001,0.481676,0.9999,0.982639,0.999729,0.990503,0.9999
0.107472,0.0222317,0.00219517,0.999519,0.996626,0.9999,0.9999,0.525452,0.9999,0.865438
0.9999,0.975133,0.728167,0.978785,0.9999,0.162272,0.977902,0.9999,0.627048,0.985321
0.523983,0.999882,0.998399,0.627048,0.9999,0.9999,0.986476,0.9999,0.974646,0.756631
0.982993,0.968504,0.852952,0.497907,0.77167,0.9999,0.564274,0.9999,0.955745,0.9999
0.802802,0.808443,0.280584,0.955172,0.912973,0.9999,0.998637,0.744151,0.997698,0.999799
0.9972,0.999698,0.998662,0.878714,0.974119,0.9999,0.758523,0.170865,0.9999,0.965032
0.280458,0.999858,0.000126555,0.838739,0.991417,0.9999,0.9999,0.9999,0.9999,0.32625
0.794852,0.58176,0.9999,0.999798,0.9999,0.9999,0.9999,0.768074,0.9999,0.050866
0.571169,0.575578,0.916145,0.9999,0.00513061,0.9999,0.998714,0.99989,0.990119,0.0626461
0.243398,0.412151,0.9999,0.9999,0.341171,0.9999,0.001,0.890357,0.998454,0.558385
0.9999,0.941893,0.999882,0.960293,0.965054,0.971509,0.9999,0.998145,0.999798,0.845232
0.999794,0.999897,0.434846,0.9999,0.742556,0.611759,0.991046,0.999855,0.987895,0.873485
0.9999,0.731249,0.999317,0.954079,0.9999,0.9999,0.99638,0.876952,0.9999,0.967882
0.999886,0.987308,0.964812,0.9999,0.989737,0.995882,0.985932,0.98212,0.9999,0.0167226
0.492976,0.0622484,0.0181812,0.999,0.627709,0.9999,0.998529,0.9999,0.9999,0.44834
0.978944,0.998792,0.9999,0.723518,0.992986,0.995841,0.51004,0.973324,0.999897,0.997344
0.9999,0.997888,0.652572,0.893979,0.935747,0.344407,0.00612225,0.9999,0.999861,0.999168
0.9999,0.0811297,0.999883,0.729544,0.999425,0.9999,0.982397,0.966509,0.334429,0.0018812
0.998399,0.735975,0.204827,0.456668,0.525735,0.997915,0.999806,0.9999,0.848279,0.00212573
0.986597,0.772106,0.999377,0.922246,0.969072,0.999646,0.999421,0.991138,0.9999,0.975787
0.00187923,0.868966,0.0750357,0.974033,0.391209,0.9999,0.865639,0.997163,0.9999,0.9999
0.990627,0.998182,0.999443,0.9999,0.999408,0.755613,0.966047,0.967707,0.9999,0.0227447
0.0968562,0.995047,0.998363,0.258205,0.877794,0.9999,0.9999,0.9999,0.971447,0.0139034
0.454404,0.986379,0.798944,0.99691,0.137084,0.968186,0.00121859,0.999431,0.998684,0.0472701
0.999747,0.9999,0.814874,0.998752,0.865212,0.903274,0.999657,0.897839,0.999169,0.454015
0.187215,0.000361769,0.96751,0.749642,0.9999,0.979852,0.0062228,0.998887,0.977762,0.9999
0.9999,0.280048,0.970107,0.61635,0.985808,0.9999,0.633132,0.999577,0.9999,0.0730949
0.982194,0.905024,0.991379,0.885721,0.08247,0.991382,0.941444,0.406265,0.919394,0.0503333
0.934303,0.879667,0.0292305,0.75466,0.0018812,0.85471,0.00832451,0.994862,0.9999,0.978688
0.9999,0.494404,0.9999,0.994839,0.982575,0.29238,0.9999,0.9999,0.9999,0.817897
0.973232,0.89704,0.827187,0.9999,0.911213,0.99659,0.998471,0.973719,0.000654343,0.94047
0.9999,0.230027,0.0162041,0.898982,0.999787,0.982372,0.9076,0.917889,0.9999,0.763019
0.733622,0.999591,0.99923,0.999,0.99818,0.999856,0.75359,0.9999,0.9999,0.998813
0.072902,0.983728,0.90209,0.9999,0.997059,0.998926,0.9999,0.973898,0.997451,0.873103
0.9999,0.998471,0.869784,0.600791,0.442575,0.9999,0.996587,0.982962,0.9999,0.92867
0.930481,0.999275,0.952735,0.999699,0.9999,0.9999,0.998238,0.999773,0.9999,0.97838
0.967169,0.999714,0.492857,0.994933,0.987536,0.9999,0.702976,0.998943,0.9999,0.851785
0.9999,0.9999,0.071972,0.9999,0.999352,0.9999,0.344837,0.219537,0.9999,0.991119
0.9999,0.993367,0.216031,0.9999,0.981722,0.0201102,0.869208,0.999324,0.992145,0.9999
0.983778,0.999807,0.109627,0.817081,0.631758,0.535845,0.999624,0.996369,0.9999,0.0458838
0.000125025,0.155715,0.833383,0.873457,0.980574,0.000133347,0.530182,0.998119,0.994263,0.664294
0.623282,0.893352,0.99984,0.9999,0.00186021,0.046197,0.999821,0.784321,0.9999,0.982524
0.922301,0.925076,0.916626,0.95897,0.999535,0.999282,0.759969,0.987144,0.999452,0.998172
0.367077,0.9999,0.320013,0.998574,0.959986,0.9999,0.996421,0.990213,0.984906,0.629221
0.9999,0.999571,0.9999,0.969919,0.99116,0.9999,0.164214,0.971704,0.999895,0.714997
0.9999,0.376995,0.995634,0.999691,0.999893,0.895826,0.0428694,0.999244,0.976748,0.936501
0.9999,0.99988,0.9999,0.999478,0.523688,0.9999,0.912001,0.978204,0.995632,0.375057
0.9999,0.997686,0.0879633,0.649292,0.999614,0.562789,0.699478,0.998718,0.920551,0.9999
0.9999,0.988282,0.658152,0.9999,0.155591,0.738295,0.99989,0.998815,0.480753,0.999653
0.835551,0.9999,0.996776,0.567967,0.885,0.9999,0.0597864,0.124183,0.931682,0.99904
0.00267049,0.999748,0.998046,0.667648,0.9999,0.014252,0.530182,0.815178,0.678871,0.984997
0.9999,0.998897,0.996207,0.00187809,0.714997,0.3861,0.999896,0.9999,0.81431,0.000181209
0.867248,0.683081,0.590539,0.999866,0.9999,0.9999,0.94286,0.771844,0.679313,0.325821
0.14371,0.997339,0.871209,0.951148,0.60529,0.869099,0.994236,0.9999,0.9999,0.809016
0.9999,0.995736,0.941251,0.917309,0.00103397,0.96831,0.749571,0.9999,0.968672,0.998304
0.9999,0.985529,0.999562,0.9999,0.999463,0.9999,0.978601,0.273049,0.999798,0.98664
0.0166224,0.000292567,0.993587,0.9999,0.9999,0.9999,0.000212536,0.999796,0.419018,0.9999
0.736281,0.964265,0.9999,0.233838,0.686247,0.9999,0.99989,0.9999,0.930061,0.8411
0.771483,0.735255,0.999,0.9999,0.763165,0.9999,0.999185,0.990362,0.998045,0.817646
0.9999,0.00232613,0.999404,0.933135,0.9999,0.9999,0.00269135,0.9999,0.9999,0.00492258
0.9999,0.92027,0.995565,0.308889,0.999894,0.14371,0.552777,0.9999,0.972294,0.993432
0.922965,0.338988,0.001,0.9999,0.981805,0.879306,0.94286,0.01077,0.99945,0.548126
0.99824,0.00040549,0.575508,0.9999,0.999766,0.999525,0.899384,0.861473,0.974033,0.00174043
0.9999,0.411682,0.24505,0.999847,0.999875,0.000151688,0.988314,0.193082,0.999541,0.557646
0.0402364,0.699478,0.91995,0.998116,0.359638,0.9999,0.990116,0.996538,0.984613,0.9999
0.999892,0.9999,0.923159,0.970024,0.9999,0.977484,0.910803,0.779912,0.999765,0.99446
0.562789,0.986573,0.987138,0.98797,0.999802,0.465942,0.978287,0.0221603,0.9999,0.9999
0.9999,0.997962,0.999884,0.9999,0.9999,0.417223,0.991656,0.999,0.00150866,0.904258
0.9999,0.962485,0.555972,0.9999,0.9999,0.971403,0.9999,0.100863,0.824695,0.811021
0.00339502,0.98847,0.9999,0.901764,0.987171,0.9999,0.999861,0.999883,0.998462,0.988972
